date,500,600,700,800
2021/5/28 0:00,8.6,7.4,8.7,48.1
2021/5/28 0:15,8.6,7.5,8.8,48
2021/5/28 0:30,8.6,7.6,9,49.3
2021/5/28 0:45,8.7,7.6,8.7,48
2021/5/28 1:00,8.7,7.5,9.6,47.7
2021/5/28 1:15,8.5,7.6,8.9,47.7
2021/5/28 1:30,8.7,7.5,8.8,47.1
2021/5/28 1:45,8.5,7.4,9.2,48.7
2021/5/28 2:00,8.6,7.4,8.7,47.3
2021/5/28 2:15,8.5,7.4,8.9,46.1
2021/5/28 2:30,8.6,7.6,8.7,48.1
2021/5/28 2:45,8.4,7.4,8.5,48.4
2021/5/28 3:00,8.3,7.3,8.3,48.2
2021/5/28 3:15,8.3,7.4,8.5,48.5
2021/5/28 3:30,8.3,7.3,8.4,45.9
2021/5/28 3:45,8.3,7.3,8.9,46.6
2021/5/28 4:00,8.4,7.4,8.3,48.6
2021/5/28 4:15,8.4,7.5,9,48.5
2021/5/28 4:30,8.4,7.6,9,49.1
2021/5/28 4:45,8.5,7.6,9.3,47.8
2021/5/28 5:00,8.4,7.4,8.9,47.2
2021/5/28 5:15,8.5,7.8,9.8,48.9
2021/5/28 5:30,8.4,7.6,10.7,46.3
2021/5/28 5:45,8.5,7.5,10,47.4
2021/5/28 6:00,8.6,7.4,9.3,48
2021/5/28 6:15,8.4,7.4,9.9,47.2
2021/5/28 6:30,8.7,7.5,9,47.3
2021/5/28 6:45,8.6,7.4,8.6,45.8
2021/5/28 7:00,8.7,7.5,8.6,45.5
2021/5/28 7:15,8.6,7.3,8.6,44.7
2021/5/28 7:30,8.5,7.4,8.4,45.5
2021/5/28 7:45,8.5,7.2,7.6,45.4
2021/5/28 8:00,8.6,7.2,7.6,45.9
2021/5/28 8:15,8.4,7.2,7.7,44.5
2021/5/28 8:30,8.5,7.3,8.2,44.7
2021/5/28 8:45,8.3,7.3,7.6,45.1
2021/5/28 9:00,8.5,7.4,7.7,45
2021/5/28 9:15,8.4,7.2,7.5,44
2021/5/28 9:30,8.4,7.2,7.2,43.8
2021/5/28 9:45,8.7,7.1,7.3,43.4
2021/5/28 10:00,8.7,7.3,7.3,45.1
2021/5/28 10:15,8.7,7.3,7.7,44.4
2021/5/28 10:30,8.7,7.3,7.4,43.8
2021/5/28 10:45,8.8,7.4,7.5,43.7
2021/5/28 11:00,8.9,7.3,7.3,45.3
2021/5/28 11:15,8.7,7.2,7.3,43.7
2021/5/28 11:30,8.8,7.2,7.3,44.1
2021/5/28 11:45,8.7,7.2,7.4,43.8
2021/5/28 12:00,8.8,7.3,7.4,44.1
2021/5/28 12:15,8.8,7.3,7.6,44.8
2021/5/28 12:30,8.7,7.4,8,45.1
2021/5/28 12:45,8.7,7.5,8.3,44
2021/5/28 13:00,8.8,7.4,8.2,45.7
2021/5/28 13:15,9,7.4,7.6,44.7
2021/5/28 13:30,9.1,7.3,7.6,45.2
2021/5/28 13:45,8.5,7.3,8.1,45.7
2021/5/28 14:00,8.5,7.4,8.6,45.5
2021/5/28 14:15,8.7,7.4,8.2,46.1
2021/5/28 14:30,8.5,7.4,8.2,46.4
2021/5/28 14:45,8.5,7.7,8.9,45.9
2021/5/28 15:00,8.5,7.6,8.7,46.4
2021/5/28 15:15,8.7,7.7,8.5,47
2021/5/28 15:30,8.6,7.7,8.3,48.3
2021/5/28 15:45,8.5,7.4,8,47.2
2021/5/28 16:00,8.6,7.4,8.2,47.2
2021/5/28 16:15,8.8,7.6,8.8,48.2
2021/5/28 16:30,8.6,7.4,9.1,48.1
2021/5/28 16:45,8.7,7.5,8.3,46.4
2021/5/28 17:00,8.7,7.4,8.1,47.2
2021/5/28 17:15,8.5,7.4,8.4,46.8
2021/5/28 17:30,8.6,7.5,8.8,49.3
2021/5/28 17:45,8.7,7.4,8.4,47.4
2021/5/28 18:00,8.6,7.5,9,46.6
2021/5/28 18:15,8.5,7.5,8.5,47.4
2021/5/28 18:30,8.5,7.5,9.1,46.2
2021/5/28 18:45,8.5,7.6,8.7,47.8
2021/5/28 19:00,8.5,7.5,8.5,47.1
2021/5/28 19:15,8.5,7.6,9.5,47.4
2021/5/28 19:30,8.6,7.6,9.5,45.9
2021/5/28 19:45,8.6,7.6,8.8,46.8
2021/5/28 20:00,8.6,7.8,9,48.9
2021/5/28 20:15,8.6,7.7,9,49.2
2021/5/28 20:30,8.6,7.7,8.8,47.1
2021/5/28 20:45,8.6,7.5,9.2,46.5
2021/5/28 21:00,8.5,7.6,10,47.6
2021/5/28 21:15,8.6,7.4,9.6,47.2
2021/5/28 21:30,8.6,7.5,9,47.4
2021/5/28 21:45,8.5,7.4,9.2,46.5
2021/5/28 22:00,8.6,7.7,9.2,46.9
2021/5/28 22:15,8.6,7.6,8.9,47.8
2021/5/28 22:30,8.6,7.7,9.6,48.1
2021/5/28 22:45,8.6,7.6,8.6,47.2
2021/5/28 23:00,8.5,7.5,10.2,48.3
2021/5/28 23:15,8.6,7.6,8.9,48.5
2021/5/28 23:30,8.6,7.5,8.9,48.1
2021/5/28 23:45,8.6,7.6,9.7,46.9
2021/5/29 0:00,8.6,7.5,9.3,48
2021/5/29 0:15,8.6,7.7,10.1,49.1
2021/5/29 0:30,8.6,7.5,9.3,47.3
2021/5/29 0:45,8.5,7.6,9,48.2
2021/5/29 0:59,8.5,7.6,9.2,49.6
2021/5/29 1:14,8.6,7.5,9.1,47.6
2021/5/29 1:29,8.5,7.3,8.6,46.8
2021/5/29 1:44,8.7,7.5,9.2,48.7
2021/5/29 1:59,8.7,7.6,8.7,48.4
2021/5/29 2:14,8.7,7.4,8.7,47.8
2021/5/29 2:29,8.7,7.6,9.6,46.6
2021/5/29 2:44,8.8,7.7,9.2,48.9
2021/5/29 2:59,8.9,7.6,9.2,46.2
2021/5/29 3:14,8.6,7.6,9.2,47.8
2021/5/29 3:29,8.7,7.7,8.9,47.6
2021/5/29 3:44,8.4,7.5,8.8,48
2021/5/29 3:59,8.5,7.5,8.6,48.4
2021/5/29 4:14,8.5,7.5,8.5,47.8
2021/5/29 4:29,8.6,7.6,8.3,49.3
2021/5/29 4:44,8.4,7.4,8.5,49.1
2021/5/29 4:59,8.7,7.6,9,49.1
2021/5/29 5:14,8.7,7.5,8.4,48.3
2021/5/29 5:29,8.6,7.6,9.1,48.2
2021/5/29 5:44,8.6,7.6,8.5,48.8
2021/5/29 5:59,8.6,7.5,9.2,48.5
2021/5/29 6:14,8.7,7.8,9.9,49.7
2021/5/29 6:29,8.7,7.6,9.6,49.1
2021/5/29 6:44,8.6,7.5,9.1,48.8
2021/5/29 6:59,8.5,7.6,8.7,48.5
2021/5/29 7:14,8.4,7.3,8.2,46.1
2021/5/29 7:29,8.6,7.5,8.6,47.5
2021/5/29 7:44,8.5,7.4,8.1,46.2
2021/5/29 7:59,8.4,7.3,7.9,47.4
2021/5/29 8:14,8.4,7.5,7.7,47.5
2021/5/29 8:29,8.6,7.3,7.5,46.1
2021/5/29 8:44,8.6,7.2,7.6,45.1
2021/5/29 8:59,8.4,7.3,7.4,44.7
2021/5/29 9:14,8.5,7.3,7.4,44.7
2021/5/29 9:29,8.6,7.3,7.4,45
2021/5/29 9:44,8.4,7.4,7.4,44.4
2021/5/29 9:59,8.6,7.6,8.1,43.6
2021/5/29 10:14,8.5,7.3,7.6,45.4
2021/5/29 10:29,8.7,7.2,7.5,43.7
2021/5/29 10:44,8.7,7.2,7.4,44.1
2021/5/29 10:59,8.6,7.4,7.2,44.3
2021/5/29 11:14,8.3,7.3,7.7,44.6
2021/5/29 11:29,8.3,7.2,7.3,44.3
2021/5/29 11:44,8.3,7.3,7.5,44.3
2021/5/29 11:59,8.5,7.3,7.8,43.7
2021/5/29 12:14,8.6,7.2,7.5,44.7
2021/5/29 12:29,8.9,7.3,7.3,44.5
2021/5/29 12:44,8.8,7.2,7.6,44.6
2021/5/29 12:59,8.8,7.3,7.4,45.4
2021/5/29 13:14,8.9,7.3,7.3,43.6
2021/5/29 13:29,8.7,7.3,7.6,45.5
2021/5/29 13:44,8.8,7.3,7.8,45.5
2021/5/29 13:59,8.9,7.2,7.8,45.5
2021/5/29 14:14,8.9,7.3,8.2,44.9
2021/5/29 14:29,8.6,7.4,8.3,46.7
2021/5/29 14:44,8.7,7.4,7.7,45
2021/5/29 14:59,8.9,7.4,7.7,47.3
2021/5/29 15:14,8.7,7.5,8.9,47.2
2021/5/29 15:29,8.9,7.3,8.7,46.3
2021/5/29 15:44,8.6,7.4,8.4,46.5
2021/5/29 15:59,8.5,7.3,8.2,46.7
2021/5/29 16:14,8.6,7.5,8.1,46.3
2021/5/29 16:29,8.7,7.5,8.1,47.3
2021/5/29 16:44,8.6,7.8,8.6,46.8
2021/5/29 16:59,8.5,7.6,8.5,47.2
2021/5/29 17:14,8.6,7.6,8.3,47.9
2021/5/29 17:29,8.5,7.5,8.5,47.8
2021/5/29 17:44,8.4,7.6,8.3,47.5
2021/5/29 17:59,8.5,7.5,8,46.6
2021/5/29 18:14,8.5,7.5,8.2,45.9
2021/5/29 18:29,8.5,7.5,8,46.8
2021/5/29 18:44,8.4,7.3,8.2,47.6
2021/5/29 18:59,8.4,7.6,8.5,46.3
2021/5/29 19:14,8.4,7.4,8.1,47.2
2021/5/29 19:29,8.3,7.4,7.9,47
2021/5/29 19:44,8.4,7.4,7.9,46.5
2021/5/29 19:59,8.6,7.4,7.9,46.2
2021/5/29 20:14,8.5,7.3,8.1,45.8
2021/5/29 20:29,8.6,7.4,8.5,45.7
2021/5/29 20:44,8.5,7.5,8.3,45.8
2021/5/29 20:59,8.4,7.6,8.4,46.3
2021/5/29 21:14,8.5,7.4,7.7,47.2
2021/5/29 21:29,8.3,7.4,7.9,46.8
2021/5/29 21:44,8.6,7.4,8.2,47
2021/5/29 21:59,8.5,7.2,7.9,45.5
2021/5/29 22:14,8.4,7.5,8.1,47.7
2021/5/29 22:29,8.4,7.4,8.1,49.1
2021/5/29 22:44,8.6,7.3,8.3,48.1
2021/5/29 22:59,8.6,7.4,8.3,47.6
2021/5/29 23:14,8.6,7.3,7.9,48.3
2021/5/29 23:29,8.5,7.3,7.7,46.2
2021/5/29 23:44,8.6,7.3,7.9,46.6
2021/5/29 23:59,8.6,7.3,8.7,47.1
2021/5/30 0:14,8.5,7.3,7.9,46.6
2021/5/30 0:29,8.5,7.3,8.2,46.4
2021/5/30 0:44,8.6,7.4,8.3,46.5
2021/5/30 0:59,8.5,7.3,8.2,46.7
2021/5/30 1:14,8.6,7.4,7.8,46.8
2021/5/30 1:29,8.5,7.4,8,46.9
2021/5/30 1:44,8.5,7.3,8,47.4
2021/5/30 1:59,8.5,7.4,7.5,46.7
2021/5/30 2:14,8.5,7.5,7.9,46.5
2021/5/30 2:29,8.5,7.4,8.1,45.8
2021/5/30 2:44,8.6,7.3,7.9,47
2021/5/30 2:59,8.6,7.4,8.5,47.7
2021/5/30 3:14,8.4,7.5,8.4,48
2021/5/30 3:29,8.2,7.4,8.4,48.9
2021/5/30 3:44,8.4,7.5,7.7,46.3
2021/5/30 3:59,8.4,7.5,7.9,48.9
2021/5/30 4:14,8.6,7.5,8.2,46.7
2021/5/30 4:29,8.5,7.2,7.9,45.6
2021/5/30 4:44,8.4,7.4,7.8,45.5
2021/5/30 4:59,8.5,7.3,8,45.4
2021/5/30 5:14,8.4,7.4,7.9,46.6
2021/5/30 5:29,8.4,7.3,7.6,47.2
2021/5/30 5:44,8.5,7.3,7.7,47.7
2021/5/30 5:59,8.5,7.3,8,46.1
2021/5/30 6:14,8.4,7.3,8.1,47.5
2021/5/30 6:29,8.5,7.4,7.8,49.3
2021/5/30 6:44,8.5,7.4,7.9,47.1
2021/5/30 6:59,8.5,7.3,7.7,47.3
2021/5/30 7:14,8.5,7.3,7.8,48.6
2021/5/30 7:29,8.5,7.2,7.6,47.1
2021/5/30 7:44,8.3,7.3,7.9,46.2
2021/5/30 7:59,8.3,7.3,7.8,47.7
2021/5/30 8:14,8.3,7.3,7.4,46.1
2021/5/30 8:29,8.4,7.2,7.4,45.7
2021/5/30 8:44,8.4,7.2,7.2,45.4
2021/5/30 8:59,8.3,7.2,7.4,44
2021/5/30 9:14,8.4,7.2,7.3,45.1
2021/5/30 9:29,8.4,7.3,7.7,44.7
2021/5/30 9:44,8.5,7.2,7.3,45.3
2021/5/30 9:59,8.4,7.2,7.1,45.1
2021/5/30 10:14,8.3,7.2,7.4,44.1
2021/5/30 10:29,8.4,7.2,7.2,44.4
2021/5/30 10:44,8.5,7.1,7.2,44.3
2021/5/30 10:59,8.5,7.1,7.2,43.8
2021/5/30 11:14,8.5,7.1,7.3,45.1
2021/5/30 11:29,8.4,7.2,7.1,44.2
2021/5/30 11:44,8.5,7.1,7.3,45
2021/5/30 11:59,8.6,7.2,7.1,44.2
2021/5/30 12:14,8.5,7.2,7.1,44.5
2021/5/30 12:29,8.5,7.1,7.1,44.4
2021/5/30 12:44,8.5,7.2,7.1,43.7
2021/5/30 12:59,8.6,7.2,7.2,45.1
2021/5/30 13:14,8.6,7.2,7.3,45
2021/5/30 13:29,8.6,7.2,7.4,45.7
2021/5/30 13:44,8.6,7.3,7.3,45.4
2021/5/30 13:59,8.5,7.2,7.7,44.1
2021/5/30 14:14,8.5,7.2,7.5,45.1
2021/5/30 14:29,8.5,7.2,7.6,44.7
2021/5/30 14:44,8.5,7.3,7.4,43.6
2021/5/30 14:59,8.5,7.2,7.6,46.1
2021/5/30 15:14,8.6,7.3,7.4,44.9
2021/5/30 15:29,8.5,7.2,7.4,45.9
2021/5/30 15:44,8.4,7.4,7.7,45.9
2021/5/30 15:59,8.4,7.3,8.1,45.4
2021/5/30 16:14,8.5,7.4,7.8,45.9
2021/5/30 16:29,8.6,7.4,7.9,46.9
2021/5/30 16:44,8.6,7.4,8.3,45.9
2021/5/30 16:59,8.6,7.5,7.8,46.4
2021/5/30 17:14,8.6,7.3,7.7,45.5
2021/5/30 17:29,8.6,7.5,8,46.5
2021/5/30 17:44,8.5,7.5,8.1,46.4
2021/5/30 17:59,8.6,7.2,7.9,46
2021/5/30 18:14,8.6,7.4,8,47.8
2021/5/30 18:29,8.6,7.4,8,46.4
2021/5/30 18:44,8.8,7.4,8.3,44.8
2021/5/30 18:59,8.7,7.3,8.1,47.1
2021/5/30 19:14,8.7,7.5,8.3,47.5
2021/5/30 19:29,8.7,7.4,8.2,49.2
2021/5/30 19:44,8.8,7.3,7.6,48.2
2021/5/30 19:59,8.9,7.4,7.7,48.8
2021/5/30 20:14,8.9,7.5,7.7,46.5
2021/5/30 20:29,9,7.3,7.6,48
2021/5/30 20:44,8.9,7.4,7.7,47.3
2021/5/30 20:59,8.8,7.3,7.8,49.9
2021/5/30 21:14,8.9,7.3,7.7,46.7
2021/5/30 21:29,8.8,7.3,8,46.1
2021/5/30 21:44,8.9,7.4,8.1,47.4
2021/5/30 21:59,8.9,7.3,8.3,48.2
2021/5/30 22:14,8.8,7.3,7.9,48.5
2021/5/30 22:29,8.8,7.4,7.6,50
2021/5/30 22:44,8.7,7.3,8,49
2021/5/30 22:59,8.8,7.3,7.8,47.9
2021/5/30 23:14,8.8,7.3,7.8,46.7
2021/5/30 23:29,8.7,7.3,7.9,47.6
2021/5/30 23:44,8.7,7.3,7.6,46
2021/5/30 23:59,8.7,7.3,7.7,47.1
2021/5/31 0:14,8.7,7.3,7.8,47.7
2021/5/31 0:29,8.7,7.3,7.7,47.2
2021/5/31 0:44,8.8,7.3,7.7,47.6
2021/5/31 0:59,8.9,7.3,7.9,46.2
2021/5/31 1:14,9,7.3,8.1,46
2021/5/31 1:29,8.9,7.3,7.7,46
2021/5/31 1:44,8.6,7.4,7.9,46.9
2021/5/31 1:59,9,7.3,8.1,45.4
2021/5/31 2:14,8.9,7.2,7.8,46.4
2021/5/31 2:29,8.9,7.3,7.7,47.6
2021/5/31 2:44,8.7,7.3,7.6,46.2
2021/5/31 2:59,8.8,7.3,7.7,48.1
2021/5/31 3:14,8.7,7.3,7.8,47.9
2021/5/31 3:29,8.8,7.4,7.6,48.1
2021/5/31 3:44,8.6,7.3,7.9,47.9
2021/5/31 3:59,8.9,7.4,7.9,46
2021/5/31 4:14,8.8,7.4,7.6,46.2
2021/5/31 4:29,8.7,7.3,7.8,47.5
2021/5/31 4:44,8.6,7.2,7.8,47.5
2021/5/31 4:59,8.7,7.2,7.6,48.3
2021/5/31 5:14,8.6,7.2,7.6,48.6
2021/5/31 5:29,8.7,7.3,7.8,48.3
2021/5/31 5:44,8.7,7.3,7.5,47.6
2021/5/31 5:59,8.6,7.4,7.5,46.7
2021/5/31 6:14,8.8,7.2,7.5,46
2021/5/31 6:29,8.6,7.3,7.3,46.6
2021/5/31 6:44,8.6,7.2,7.4,48.1
2021/5/31 6:59,8.7,7.3,7.6,47.7
2021/5/31 7:14,8.6,7.2,7.5,44
2021/5/31 7:29,8.5,7.2,7.4,45.3
2021/5/31 7:44,8.6,7.2,7.2,45.8
2021/5/31 7:59,8.6,7.2,7.3,45.3
2021/5/31 8:14,8.6,7.2,7.3,44.7
2021/5/31 8:29,8.7,7.1,7.1,44.6
2021/5/31 8:44,8.7,7.2,7.1,45.2
2021/5/31 8:59,8.6,7.1,7.1,44.9
2021/5/31 9:14,8.4,7.1,7.4,44
2021/5/31 9:29,8.6,7.2,7,45.3
2021/5/31 9:44,8.7,7.2,7.2,44.3
2021/5/31 9:59,8.7,7.1,7.1,44
2021/5/31 10:14,8.6,7.1,7.2,44.4
2021/5/31 10:29,8.7,7.2,7.1,45.1
2021/5/31 10:44,8.6,7.3,7.1,44.3
2021/5/31 10:59,8.7,7.2,6.9,43.8
2021/5/31 11:14,8.6,7.2,7,43.3
2021/5/31 11:29,8.7,7.2,7.1,44
2021/5/31 11:44,8.6,7.2,7,45.1
2021/5/31 11:59,8.7,7.2,7.1,44.8
2021/5/31 12:14,8.7,7.2,7.2,44
2021/5/31 12:29,8.7,7.2,7.2,44
2021/5/31 12:44,8.7,7.2,7.2,43.7
2021/5/31 12:59,8.6,7.3,7.3,45
2021/5/31 13:14,8.7,7.3,7.3,45.6
2021/5/31 13:29,8.8,7.3,7.4,44.3
2021/5/31 13:44,8.7,7.1,7.4,46.2
2021/5/31 13:59,8.9,7.2,7.1,44.4
2021/5/31 14:14,8.9,7.1,7.4,44.5
2021/5/31 14:29,8.8,7.3,7.3,45.6
2021/5/31 14:44,8.8,7.3,7.4,45.9
2021/5/31 14:59,9,7.3,7.5,46.3
2021/5/31 15:14,8.7,7.2,7.5,45.5
2021/5/31 15:29,8.6,7.1,7.4,45.5
2021/5/31 15:44,8.8,7.2,7.4,45.7
2021/5/31 15:59,8.8,7.2,7.6,46
2021/5/31 16:14,8.7,7.1,7.6,46
2021/5/31 16:29,8.6,7.2,7.5,46.5
2021/5/31 16:44,8.7,7.1,7.6,47.4
2021/5/31 16:59,8.8,7.2,7.4,47.6
2021/5/31 17:14,8.9,7.2,7.5,47
2021/5/31 17:29,8.8,7.3,7.8,47.2
2021/5/31 17:44,8.8,7.3,7.5,46.8
2021/5/31 17:59,8.7,7.1,7.8,46.7
2021/5/31 18:14,8.7,7.3,7.5,46.7
2021/5/31 18:29,8.8,7.2,8.1,47.4
2021/5/31 18:44,8.6,7.2,7.7,46.5
2021/5/31 18:59,8.8,7.3,7.8,47
2021/5/31 19:14,8.9,7.2,8.1,47.4
2021/5/31 19:29,8.9,7.3,7.6,46.2
2021/5/31 19:44,8.9,7.2,7.7,46.8
2021/5/31 19:59,8.8,7.2,8.1,47.5
2021/5/31 20:14,8.8,7.2,8,45.8
2021/5/31 20:29,8.8,7.3,7.8,45.9
2021/5/31 20:44,8.9,7.2,7.8,45.9
2021/5/31 20:59,8.7,7.3,7.7,46.6
2021/5/31 21:14,8.9,7.1,7.7,46.7
2021/5/31 21:29,8.9,7.2,7.4,46.5
2021/5/31 21:44,8.7,7.2,7.7,46.3
2021/5/31 21:59,8.8,7.2,7.6,47.1
2021/5/31 22:14,8.7,7.2,7.8,47.3
2021/5/31 22:29,8.6,7.2,7.7,46.3
2021/5/31 22:44,8.8,7.2,7.6,45.6
2021/5/31 22:59,8.7,7.3,7.3,46.1
2021/5/31 23:14,8.7,7.2,7.5,47
2021/5/31 23:29,8.7,7.2,7.7,45.8
2021/5/31 23:44,8.7,7.2,7.8,46.1
2021/5/31 23:59,8.6,7.3,7.5,47.4
2021/6/1 0:14,8.6,7.3,7.9,46.6
2021/6/1 0:29,8.5,7.3,8,46.7
2021/6/1 0:44,8.6,7.4,8,48.3
2021/6/1 0:59,8.7,7.3,8.1,48.3
2021/6/1 1:14,8.8,7.3,7.8,48.6
2021/6/1 1:29,8.9,7.2,7.7,48.2
2021/6/1 1:44,8.7,7.3,8,47.7
2021/6/1 1:59,8.6,7.2,7.8,46.7
2021/6/1 2:14,8.8,7.4,7.8,46.6
2021/6/1 2:29,8.7,7.4,8,46.9
2021/6/1 2:44,8.8,7.3,8.5,46
2021/6/1 2:59,8.6,7.4,8.2,47.8
2021/6/1 3:14,8.5,7.5,8.1,48.8
2021/6/1 3:29,8.7,7.4,7.9,48.3
2021/6/1 3:44,8.6,7.4,7.7,47.7
2021/6/1 3:59,8.5,7.4,8,47.8
2021/6/1 4:14,8.5,7.3,7.8,48.9
2021/6/1 4:29,8.4,7.2,7.7,47.2
2021/6/1 4:44,8.5,7.4,7.9,48.1
2021/6/1 4:59,8.6,7.4,8,49.1
2021/6/1 5:14,8.5,7.3,7.7,47.4
2021/6/1 5:29,8.6,7.4,7.8,48.3
2021/6/1 5:44,8.4,7.3,7.8,46.6
2021/6/1 5:59,8.9,7.4,8,47.2
2021/6/1 6:14,8.4,7.4,7.5,45.9
2021/6/1 6:29,8.7,7.2,7.6,46.5
2021/6/1 6:44,8.8,7.3,7.5,46.1
2021/6/1 6:59,8.4,7.3,7.6,47.1
2021/6/1 7:14,8.5,7.3,7.7,47.7
2021/6/1 7:29,8.4,7.3,7.3,45.8
2021/6/1 7:44,8.5,7.3,7.7,46.3
2021/6/1 7:59,8.5,7.3,7.6,44.3
2021/6/1 8:14,8.5,7.2,7.4,44.8
2021/6/1 8:29,8.6,7.2,7.3,45
2021/6/1 8:44,8.5,7.2,7.4,45.4
2021/6/1 8:59,8.5,7.3,7.4,43.8
2021/6/1 9:14,8.4,7.2,7.1,45.1
2021/6/1 9:29,8.6,7.1,7.2,43.9
2021/6/1 9:44,8.4,7.2,7.3,44.8
2021/6/1 9:59,8.5,7.2,7.4,45.4
2021/6/1 10:14,8.5,7.2,7.1,44.5
2021/6/1 10:29,8.5,7.2,7.1,43.6
2021/6/1 10:44,8.8,7.2,7.2,45.1
2021/6/1 10:59,8.8,7.2,7.5,44.3
2021/6/1 11:14,8.6,7.2,7.2,44.9
2021/6/1 11:29,8.7,7.2,7.1,44.2
2021/6/1 11:44,8.9,7.3,7.5,43.6
2021/6/1 11:59,8.7,7.4,7.4,44.6
2021/6/1 12:14,8.6,7.2,7.6,45.5
2021/6/1 12:29,8.6,7.2,7.5,45.7
2021/6/1 12:44,8.5,7.3,7.5,45.5
2021/6/1 12:59,8.8,7.2,7.5,45.8
2021/6/1 13:14,8.6,7.2,7.6,45.1
2021/6/1 13:29,8.6,7.2,7.5,46.1
2021/6/1 13:44,8.7,7.3,7.3,45.6
2021/6/1 13:59,8.7,7.4,7.8,45.9
2021/6/1 14:14,8.8,7.4,7.7,46.1
2021/6/1 14:29,8.7,7.2,7.8,46.2
2021/6/1 14:44,8.9,7.2,7.6,47
2021/6/1 14:59,8.7,7.2,8.3,47.2
2021/6/1 15:14,8.8,7.4,8.7,48
2021/6/1 15:29,8.7,7.3,8.4,47.1
2021/6/1 15:44,8.6,7.2,7.7,46.8
2021/6/1 15:59,8.7,7.2,8.2,46.1
2021/6/1 16:14,8.5,7.3,7.9,46.3
2021/6/1 16:29,8.7,7.4,8.2,46.7
2021/6/1 16:44,8.7,7.4,8.4,47.1
2021/6/1 16:59,8.7,7.4,8,47.1
2021/6/1 17:14,8.7,7.3,8.1,47.2
2021/6/1 17:29,8.7,7.4,8.1,46.2
2021/6/1 17:44,8.8,7.4,7.9,47.9
2021/6/1 17:59,8.8,7.4,8.2,47.3
2021/6/1 18:14,8.7,7.4,8,46.9
2021/6/1 18:29,8.8,7.3,8.2,46
2021/6/1 18:44,8.6,7.3,8.2,47.6
2021/6/1 18:59,8.8,7.2,8,46.9
2021/6/1 19:14,8.8,7.2,8,46.5
2021/6/1 19:29,8.7,7.3,7.7,47.1
2021/6/1 19:44,8.8,7.2,7.9,48.3
2021/6/1 19:59,8.7,7.3,8.2,48.1
2021/6/1 20:14,8.7,7.4,8.1,48.4
2021/6/1 20:29,8.8,7.4,8.4,47.9
2021/6/1 20:44,8.8,7.2,8.5,48.8
2021/6/1 20:59,8.8,7.3,7.8,48.5
2021/6/1 21:14,8.8,7.3,8.1,46.7
2021/6/1 21:29,8.9,7.3,8.3,48.5
2021/6/1 21:44,8.8,7.3,8.4,46.1
2021/6/1 21:59,8.9,7.2,8,47.2
2021/6/1 22:14,8.9,7.4,8.1,47
2021/6/1 22:29,8.8,7.3,8.3,47.6
2021/6/1 22:44,8.8,7.4,8.2,48.9
2021/6/1 22:59,8.9,7.2,8.1,48.6
2021/6/1 23:14,8.9,7.3,8.5,48.4
2021/6/1 23:29,8.8,7.3,8.2,49.2
2021/6/1 23:44,8.8,7.5,8.4,48.3
2021/6/1 23:59,8.8,7.4,7.9,49
2021/6/2 0:14,8.7,7.4,8.5,48.4
2021/6/2 0:29,8.8,7.4,8.3,48.2
2021/6/2 0:44,8.8,7.4,8.3,49.7
2021/6/2 0:59,8.8,7.3,8.5,49
2021/6/2 1:14,8.9,7.5,8.6,47.4
2021/6/2 1:29,8.7,7.4,8.5,48.3
2021/6/2 1:44,8.7,7.3,8.3,47.8
2021/6/2 1:59,8.7,7.4,8.2,48.3
2021/6/2 2:14,8.8,7.4,8.3,46.9
2021/6/2 2:29,8.8,7.3,8.6,47.1
2021/6/2 2:44,8.7,7.4,8.2,48.8
2021/6/2 2:59,9,7.4,8.3,47.3
2021/6/2 3:14,8.7,7.4,8.1,47.8
2021/6/2 3:29,8.9,7.3,8,48.3
2021/6/2 3:44,8.8,7.4,8,48.5
2021/6/2 3:59,8.7,7.3,7.9,47.1
2021/6/2 4:14,8.7,7.4,8.3,48.1
2021/6/2 4:29,8.7,7.3,8.2,48.4
2021/6/2 4:44,8.8,7.4,8,47.8
2021/6/2 4:59,8.7,7.5,8.2,46.8
2021/6/2 5:14,8.8,7.5,8.3,48.2
2021/6/2 5:29,8.9,7.4,8.2,47.4
2021/6/2 5:44,8.6,7.3,8.3,47
2021/6/2 5:59,8.5,7.5,8.2,47.9
2021/6/2 6:14,8.6,7.4,7.9,46.3
2021/6/2 6:29,8.6,7.3,8.1,46.1
2021/6/2 6:44,8.7,7.3,7.7,46.7
2021/6/2 6:59,8.6,7.3,7.9,46
2021/6/2 7:14,8.8,7.3,7.8,44.9
2021/6/2 7:29,8.7,7.2,7.8,45.6
2021/6/2 7:44,8.7,7.2,7.8,44.9
2021/6/2 7:59,8.6,7.2,7.5,44.7
2021/6/2 8:14,8.5,7.3,7.8,45.3
2021/6/2 8:29,8.7,7.1,7.8,44.1
2021/6/2 8:44,8.7,7.2,7.4,43.4
2021/6/2 8:59,8.5,7.3,7.5,44.5
2021/6/2 9:14,8.6,7.2,7.2,44.7
2021/6/2 9:29,8.1,7.5,6.8,44.3
2021/6/2 9:44,8.2,8.8,6.7,42.5
2021/6/2 9:59,8.2,7.8,6.8,42.9
2021/6/2 10:14,8,7.9,6.5,43.3
2021/6/2 10:29,8,7.6,6.8,43.9
2021/6/2 10:44,8,7.3,6.8,42.4
2021/6/2 10:59,8.1,7.4,6.6,43.8
2021/6/2 11:14,8.1,7.4,6.9,43.1
2021/6/2 11:29,8.2,7.8,6.7,42.9
2021/6/2 11:44,8.1,8,6.8,42.7
2021/6/2 11:59,8,7.1,6.5,42.3
2021/6/2 12:14,8,7.2,7.4,45.7
2021/6/2 12:29,8.3,7.3,6.8,43.4
2021/6/2 12:44,8.1,7.4,6.7,42.9
2021/6/2 12:59,8.1,7.3,6.8,43.3
2021/6/2 13:14,8.1,9.9,6.7,43.8
2021/6/2 13:29,8,8.3,7.1,44.9
2021/6/2 13:44,9.3,9.2,7.5,47
2021/6/2 13:59,8.4,9.9,7.4,45.9
2021/6/2 14:14,8,10,7.9,43.2
2021/6/2 14:29,8.6,10.3,7.8,45.5
2021/6/2 14:44,8.2,10,7.9,44.8
2021/6/2 14:59,8.4,8.8,7.1,45.5
2021/6/2 15:14,8,8.2,7.6,43.4
2021/6/2 15:29,7.8,9.6,7.6,44.8
2021/6/2 15:44,8,9.2,7.3,46.2
2021/6/2 15:59,8.1,10.6,7.9,44.8
2021/6/2 16:14,8.4,9.1,7.5,46.2
2021/6/2 16:29,8.3,9.2,7.4,43.8
2021/6/2 16:44,8,8.9,7.9,44.5
2021/6/2 16:59,7.8,8,7.9,47.1
2021/6/2 17:14,7.9,9.5,7.9,45.3
2021/6/2 17:29,8.1,8.5,7.7,47.3
2021/6/2 17:44,7.8,9.2,7.4,46.7
2021/6/2 17:59,7.9,7.7,7,46.5
2021/6/2 18:14,7.7,8.8,6.9,47.7
2021/6/2 18:29,8.7,7.3,7.8,47.4
2021/6/2 18:44,8.7,7.4,7.8,47.8
2021/6/2 18:59,8.4,7.3,7.7,46.6
2021/6/2 19:14,8.6,7.3,7.8,46.6
2021/6/2 19:29,8.6,7.2,7.9,46.5
2021/6/2 19:44,8.4,7.2,7.7,47.2
2021/6/2 19:59,8.5,7.3,7.7,46.8
2021/6/2 20:14,8.5,7.3,7.8,47.6
2021/6/2 20:29,8.5,7.2,7.5,48.9
2021/6/2 20:44,8.4,7.3,7.8,48.6
2021/6/2 20:59,8.6,7.4,7.7,48.1
2021/6/2 21:14,8.4,7.3,8,46.5
2021/6/2 21:29,8.5,7.3,8.1,47.6
2021/6/2 21:44,8.5,7.3,7.8,47.4
2021/6/2 21:59,8.7,7.2,7.8,48.8
2021/6/2 22:14,8.6,7.2,8,48
2021/6/2 22:29,8.5,7.4,7.8,47.3
2021/6/2 22:44,8.6,7.2,7.8,46.6
2021/6/2 22:59,8.6,7.2,7.8,46.6
2021/6/2 23:14,8.5,7.3,8.1,47.3
2021/6/2 23:29,8.8,7.3,8.1,46.7
2021/6/2 23:44,8.6,7.2,8,48.6
2021/6/2 23:59,8.5,7.3,8,47.3
2021/6/3 0:14,8.6,7.2,7.7,47.2
2021/6/3 0:29,8.7,7.2,7.4,45.8
2021/6/3 0:44,8.6,7.2,7.7,47
2021/6/3 0:59,8.5,7.4,7.9,47.6
2021/6/3 1:14,8.7,7.4,8.4,48.4
2021/6/3 1:29,8.7,7.3,8.2,46.6
2021/6/3 1:44,8.7,7.3,8,47.1
2021/6/3 1:59,8.5,7.3,7.9,47.6
2021/6/3 2:14,8.6,7.3,8.1,47.4
2021/6/3 2:29,8.8,7.3,8.4,47.2
2021/6/3 2:44,8.2,7.4,8.2,48.8
2021/6/3 2:59,8.1,7.5,8.5,47.8
2021/6/3 3:14,8.3,7.3,7.9,47.1
2021/6/3 3:29,8.4,7.3,8,46.3
2021/6/3 3:44,8.3,7.4,7.9,46.8
2021/6/3 3:59,8.1,7.2,7.9,47.1
2021/6/3 4:14,8.2,7.4,8.2,47.2
2021/6/3 4:29,8.2,7.3,8.1,47.4
2021/6/3 4:44,8.1,7.3,7.4,46.2
2021/6/3 4:59,8.2,7.2,7.7,46
2021/6/3 5:14,8.3,7.3,7.6,44.5
2021/6/3 5:29,8.2,7.2,7.6,46.4
2021/6/3 5:44,8.2,7.3,7.7,46.9
2021/6/3 5:59,8.3,7.3,7.4,45.1
2021/6/3 6:14,8.2,7.2,7.2,44.1
2021/6/3 6:29,8.1,7.2,7.1,46.3
2021/6/3 6:44,8.4,7.1,7.2,47.6
2021/6/3 6:59,8.5,7.1,7.2,46.6
2021/6/3 7:14,8.5,7.2,7.3,46.4
2021/6/3 7:29,8.5,7.1,7.3,44.6
2021/6/3 7:44,8.4,7.2,7.3,44.3
2021/6/3 7:59,8.3,7.3,7.3,44.5
2021/6/3 8:14,8.3,7.3,7.7,43.5
2021/6/3 8:29,8.4,7.1,7.5,44.6
2021/6/3 8:44,8.3,7.1,7,45.2
2021/6/3 8:59,8.5,7.2,7.2,44.9
2021/6/3 9:14,8.2,7.1,7.1,43.8
2021/6/3 9:29,8.3,7.2,7.4,44.7
2021/6/3 9:44,8.5,7.2,7.4,44.2
2021/6/3 9:59,8.4,7.2,7.3,43.3
2021/6/3 10:14,8.5,7.2,7.4,44.1
2021/6/3 10:29,8.3,7.2,7.5,47.4
2021/6/3 10:44,8.4,7.3,7.3,45
2021/6/3 10:59,8.6,7.2,7.3,45.6
2021/6/3 11:14,8.6,7.2,7.8,48.6
2021/6/3 11:29,8.5,7.2,7.6,46.6
2021/6/3 11:44,8.6,7.4,7.7,45.9
2021/6/3 11:59,8.7,7.3,8.3,47.4
2021/6/3 12:14,8.6,7.4,8.1,47.8
2021/6/3 12:29,8.6,7.3,8.3,47
2021/6/3 12:44,8.7,7.3,8.1,47
2021/6/3 12:59,8.5,7.4,8.5,48.2
2021/6/3 13:14,8.7,7.3,8.9,47.6
2021/6/3 13:29,8.7,7.3,8.2,48
2021/6/3 13:44,8.8,7.3,8.7,47.8
2021/6/3 13:59,8.7,7.4,8.5,47.7
2021/6/3 14:14,8.6,7.4,8.1,47.7
2021/6/3 14:29,8.8,7.3,8.3,47.7
2021/6/3 14:44,8.6,7.3,7.7,47.4
2021/6/3 14:59,8.4,7.5,8,47.3
2021/6/3 15:14,8.7,7.5,8.9,48.5
2021/6/3 15:29,8.7,7.5,8.7,47.1
2021/6/3 15:44,8.8,7.4,8.7,47
2021/6/3 15:59,8.7,7.5,8.6,45.8
2021/6/3 16:14,8.6,7.5,8.5,47.7
2021/6/3 16:29,8.7,7.6,8.7,49.6
2021/6/3 16:44,8.6,7.5,8.8,49.6
2021/6/3 16:59,8.7,7.5,8.9,49
2021/6/3 17:14,8.7,7.5,9.2,48.9
2021/6/3 17:29,8.4,7.4,8.9,48
2021/6/3 17:44,8.5,7.4,8.2,46.6
2021/6/3 17:59,8.2,7.3,7.9,47.6
2021/6/3 18:14,8.1,7.4,8.1,48.5
2021/6/3 18:29,8.2,7.3,8.1,47.4
2021/6/3 18:44,8.1,7.3,8.1,46.7
2021/6/3 18:59,8.1,7.2,7.9,47.5
2021/6/3 19:14,8.1,7.3,7.9,47.9
2021/6/3 19:29,8.1,7.3,8.1,47.4
2021/6/3 19:44,8.1,7.3,8.1,46.9
2021/6/3 19:59,8.1,7.3,8.2,47.1
2021/6/3 20:14,8.2,7.4,8.5,47.3
2021/6/3 20:29,8.4,7.4,8.2,49
2021/6/3 20:44,8.2,7.4,8.7,48.2
2021/6/3 20:59,8,7.5,8.6,49.2
2021/6/3 21:14,8.1,7.5,8.5,49
2021/6/3 21:29,8.1,7.4,8.9,49.3
2021/6/3 21:44,8.1,7.4,8.8,49.7
2021/6/3 21:59,8.1,7.4,8.8,49.5
2021/6/3 22:14,8.1,7.4,8.5,49.6
2021/6/3 22:29,8.2,7.4,8.7,49.3
2021/6/3 22:44,8.2,7.4,8.8,49.3
2021/6/3 22:59,8.3,7.4,8.4,47.8
2021/6/3 23:14,8.1,7.4,8.8,47.3
2021/6/3 23:29,8.1,7.4,8.7,48.3
2021/6/3 23:44,8.1,7.4,8.4,49
2021/6/3 23:59,8.2,7.4,8.2,46.9
2021/6/4 0:14,8,7.4,8.4,48.7
2021/6/4 0:29,8.1,7.5,8.4,47.6
2021/6/4 0:44,8,7.5,8.7,48.1
2021/6/4 0:59,8.2,7.5,8.9,49.1
2021/6/4 1:14,8.4,7.6,8.6,47.9
2021/6/4 1:29,8.2,7.6,8.4,48.3
2021/6/4 1:44,8,7.4,8.5,48.9
2021/6/4 1:59,8.2,7.4,8,47.5
2021/6/4 2:14,8.2,7.4,8.4,48.7
2021/6/4 2:29,8.1,7.5,8.6,48.2
2021/6/4 2:44,8.3,7.4,8.4,47.1
2021/6/4 2:59,8.3,7.5,8.2,47.9
2021/6/4 3:14,8.3,7.5,8.2,48.5
2021/6/4 3:29,8.3,7.5,8.5,46.8
2021/6/4 3:44,8.2,7.4,8.3,46.9
2021/6/4 3:59,8.1,7.4,8.2,47.7
2021/6/4 4:14,8.1,7.4,8.2,48
2021/6/4 4:29,8.1,7.4,7.8,46.6
2021/6/4 4:44,8.1,7.3,8.2,47.5
2021/6/4 4:59,8,7.4,8.3,49.3
2021/6/4 5:14,8,7.4,8.1,48.7
2021/6/4 5:29,8.1,7.2,7.5,46.5
2021/6/4 5:44,8,7.2,7.9,44.7
2021/6/4 5:59,8.1,7.2,7.3,44.8
2021/6/4 6:14,7.9,7.2,7.7,43.8
2021/6/4 6:29,8.2,7.3,7.7,44.6
2021/6/4 6:44,8,7.3,7.5,45.7
2021/6/4 6:59,8,7.2,7.4,43.9
2021/6/4 7:14,8,7.2,7.3,44.5
2021/6/4 7:29,8.1,7.2,7.5,45.4
2021/6/4 7:44,8,7.1,7.3,44.1
2021/6/4 7:59,8.1,7.2,7.2,44.3
2021/6/4 8:14,8,7.2,7.3,43.9
2021/6/4 8:29,8.2,7.1,7.1,44.4
2021/6/4 8:44,8.1,7.1,7.2,43.6
2021/6/4 8:59,8,7.2,7.2,45.3
2021/6/4 9:14,8,7.2,7.3,45.2
2021/6/4 9:29,8.1,7.3,7.3,44.9
2021/6/4 9:44,8,7.3,7.5,44.3
2021/6/4 9:59,8,7.2,7.2,44.1
2021/6/4 10:14,8.1,7.2,7.6,44.2
2021/6/4 10:29,8.1,7.3,7.7,45.1
2021/6/4 10:44,8,7.3,7.5,44.7
2021/6/4 10:59,8.5,7.2,7.3,45
2021/6/4 11:14,8.4,7.3,7.7,45.5
2021/6/4 11:29,8.2,7.4,7.9,46.5
2021/6/4 11:44,8.1,7.3,8.1,47.1
2021/6/4 11:59,8.3,7.4,8.3,49.6
2021/6/4 12:14,8.2,7.4,8.4,47.5
2021/6/4 12:29,8.2,7.4,8.1,47.3
2021/6/4 12:44,8.3,7.5,8.4,48.2
2021/6/4 12:59,8.3,7.6,8.9,47.1
2021/6/4 13:14,8.2,7.5,8.2,46.1
2021/6/4 13:29,8.3,7.5,8,47.4
2021/6/4 13:44,8.3,7.5,8.5,47.7
2021/6/4 13:59,8.4,7.5,8.5,47.5
2021/6/4 14:14,8.2,7.5,8.8,47.1
2021/6/4 14:29,8.3,7.5,8.4,47.1
2021/6/4 14:44,8.2,7.5,9,49.4
2021/6/4 14:59,8.4,7.6,9,48.5
2021/6/4 15:14,8.1,7.7,9.6,49
2021/6/4 15:29,8.3,7.6,9.1,49.6
2021/6/4 15:44,8.2,7.7,9.3,49.3
2021/6/4 15:59,8.2,7.7,8.9,49.6
2021/6/4 16:14,8,7.7,8.8,49.8
2021/6/4 16:29,8.1,7.8,8.9,49.4
2021/6/4 16:44,8.3,7.7,8.8,49.1
2021/6/4 16:59,8.1,7.7,8.7,47.5
2021/6/4 17:14,8.2,7.6,8.6,48.6
2021/6/4 17:29,8,7.7,8.7,47.1
2021/6/4 17:44,8.1,7.4,8.3,48.6
2021/6/4 17:59,8.2,7.5,8.2,48.2
2021/6/4 18:14,8.2,7.3,8.5,47.8
2021/6/4 18:29,8.1,7.5,8.7,47.6
2021/6/4 18:44,8.1,7.5,8.4,47.3
2021/6/4 18:59,8.2,7.5,8.5,48.5
2021/6/4 19:14,8.1,7.4,8.3,47.2
2021/6/4 19:29,8.1,7.3,7.9,48.1
2021/6/4 19:44,8.3,7.4,8.4,48.6
2021/6/4 19:59,8.1,7.3,8.1,48
2021/6/4 20:14,8.3,7.3,8,47.2
2021/6/4 20:29,8.3,7.3,7.9,45.5
2021/6/4 20:44,8.1,7.3,8.3,47.9
2021/6/4 20:59,8.1,7.4,8.3,46.8
2021/6/4 21:14,8.1,7.5,8.6,46.6
2021/6/4 21:29,8.1,7.4,8.3,49.3
2021/6/4 21:44,8.1,7.4,8.5,47.2
2021/6/4 21:59,8.1,7.4,8.7,47.5
2021/6/4 22:14,8.1,7.4,8.3,47.5
2021/6/4 22:29,8.1,7.4,8.4,48.1
2021/6/4 22:44,8.2,7.4,8.4,46.7
2021/6/4 22:59,8,7.5,8.9,47.3
2021/6/4 23:14,8.1,7.4,8.7,47.3
2021/6/4 23:29,8,7.5,8.9,47.8
2021/6/4 23:44,8,7.4,8.6,48.5
2021/6/4 23:59,8.2,7.5,8.5,46.8
2021/6/5 0:14,8.2,7.4,8.6,49
2021/6/5 0:29,8.1,7.4,8.5,48.1
2021/6/5 0:44,8,7.4,8.9,48
2021/6/5 0:59,8.1,7.4,8.6,47
2021/6/5 1:14,8.1,7.4,8.5,46.3
2021/6/5 1:29,8.2,7.4,8.5,47.6
2021/6/5 1:44,8.1,7.3,8,47.5
2021/6/5 1:59,8.1,7.3,7.8,48
2021/6/5 2:14,8.2,7.3,8,48.8
2021/6/5 2:29,8.2,7.2,8.1,49
2021/6/5 2:44,8.1,7.3,8.2,47.7
2021/6/5 2:59,8.3,7.4,8,49
2021/6/5 3:14,8.2,7.5,8.5,48.5
2021/6/5 3:29,8.1,7.4,8.5,47.8
2021/6/5 3:44,8.2,7.4,8.5,48.3
2021/6/5 3:59,8.2,7.4,8.7,47.3
2021/6/5 4:14,8.3,7.4,8.5,47.2
2021/6/5 4:29,8.3,7.4,8.3,47.4
2021/6/5 4:44,8.2,7.4,8.5,46.1
2021/6/5 4:59,8.1,7.3,8.2,46.5
2021/6/5 5:14,8,7.4,8.8,44.5
2021/6/5 5:29,8.2,7.3,8,45.6
2021/6/5 5:44,8,7.2,7.9,46.3
2021/6/5 5:59,8.1,7.2,7.7,45.2
2021/6/5 6:14,8.1,7.3,7.7,45.2
2021/6/5 6:29,8,7.2,7.6,46.9
2021/6/5 6:44,8.1,7.2,7.5,45.5
2021/6/5 6:59,8.1,7.2,7.4,46.3
2021/6/5 7:14,8.1,7.2,7.4,44.9
2021/6/5 7:29,7.9,7.2,7.5,46.1
2021/6/5 7:44,7.9,7.2,7.3,46
2021/6/5 7:59,8,7.2,7.5,45.6
2021/6/5 8:14,7.9,7.2,7.3,44.6
2021/6/5 8:29,8,7.1,7.4,45.2
2021/6/5 8:44,7.9,7.1,7.5,44.3
2021/6/5 8:59,8,7.2,7.4,44.5
2021/6/5 9:14,8,7.3,7.2,45.9
2021/6/5 9:29,7.9,7.2,7.6,46.1
2021/6/5 9:44,7.9,7.2,7.5,44.3
2021/6/5 9:59,8,7.2,7.3,45.6
2021/6/5 10:14,7.9,7.1,7.5,45.4
2021/6/5 10:29,8.1,7.2,7.6,45.6
2021/6/5 10:44,8.1,7.2,7.5,44.7
2021/6/5 10:59,8.1,7.2,7.5,45
2021/6/5 11:14,8.1,7.2,7.6,45.8
2021/6/5 11:29,8.1,7.3,7.6,45.4
2021/6/5 11:44,8.1,7.2,7.6,46.3
2021/6/5 11:59,8,7.2,7.8,45.5
2021/6/5 12:14,8.4,7.3,7.9,45.9
2021/6/5 12:29,8.1,7.3,7.9,46.8
2021/6/5 12:44,8.2,7.4,7.8,45.8
2021/6/5 12:59,8.1,7.3,7.9,46.4
2021/6/5 13:14,8.1,7.4,8.2,47.8
2021/6/5 13:29,8.1,7.5,8.5,47.9
2021/6/5 13:44,8,7.5,8.4,47
2021/6/5 13:59,8,7.4,8.3,47.1
2021/6/5 14:14,8.2,7.3,8.3,48.5
2021/6/5 14:29,8.2,7.3,8.4,47.8
2021/6/5 14:44,8.6,7.3,8.3,47.8
2021/6/5 14:59,8.7,7.3,8.3,46.4
2021/6/5 15:14,8.5,7.3,8,47.7
2021/6/5 15:29,8.7,7.2,8.2,48
2021/6/5 15:44,8.7,7.3,8.1,47.5
2021/6/5 15:59,8.9,7.2,8.6,46.8
2021/6/5 16:14,8.7,7.3,8.2,47.5
2021/6/5 16:29,8.6,7.3,8.5,47.7
2021/6/5 16:44,8.7,7.3,8.4,47.7
2021/6/5 16:59,8.5,7.3,9,49.4
2021/6/5 17:14,8.6,7.3,9,46.8
2021/6/5 17:29,8.7,7.2,8.2,46.9
2021/6/5 17:44,8.4,7.3,8.6,46.5
2021/6/5 17:59,8.5,7.3,8.8,46.2
2021/6/5 18:14,8.6,7.3,8,47.6
2021/6/5 18:29,8.4,7.3,7.8,47.4
2021/6/5 18:44,8.5,7.3,8.2,47.1
2021/6/5 18:59,8.4,7.3,8.4,47.5
2021/6/5 19:14,8.5,7.3,8.6,48.6
2021/6/5 19:29,8.5,7.3,8.5,48
2021/6/5 19:44,8.3,7.2,8.1,47.5
2021/6/5 19:59,8.5,7.3,8,49.1
2021/6/5 20:14,8.4,7.3,8.3,49.2
2021/6/5 20:29,8.4,7.4,8.3,50
2021/6/5 20:44,8.5,7.2,8.1,47.4
2021/6/5 20:59,8.3,7.2,8.1,48.8
2021/6/5 21:14,8.6,7.2,7.9,49.3
2021/6/5 21:29,8.4,7.2,8.4,46.5
2021/6/5 21:44,8.6,7.1,8.3,46.7
2021/6/5 21:59,8.5,7.2,8.3,47.5
2021/6/5 22:14,8.4,7.2,8.6,47.9
2021/6/5 22:29,8.3,7.3,8.6,46.9
2021/6/5 22:44,8.4,7.3,8.3,48.6
2021/6/5 22:59,8.4,7.4,9.1,48
2021/6/5 23:14,8.3,7.3,9.2,49
2021/6/5 23:29,8.4,7.5,9.1,48.6
2021/6/5 23:44,8.5,7.5,9.1,49.3
2021/6/5 23:59,8.4,7.5,8.7,49
2021/6/6 0:14,8.6,7.4,8.6,49.2
2021/6/6 0:29,8.6,7.4,8.6,49.3
2021/6/6 0:44,8.5,7.4,8.4,48.7
2021/6/6 0:59,8.5,7.6,8.8,50.1
2021/6/6 1:14,8.5,7.5,9,49.3
2021/6/6 1:29,8.4,7.4,8.6,48.4
2021/6/6 1:44,8.5,7.3,8.4,45.7
2021/6/6 1:59,8.6,7.4,9,47
2021/6/6 2:14,8.5,7.4,9,46.6
2021/6/6 2:29,8.6,7.5,8.7,46.8
2021/6/6 2:44,8.5,7.4,9.1,48.2
2021/6/6 2:59,8.5,7.3,8.2,47.4
2021/6/6 3:14,8.6,7.4,8.3,46.9
2021/6/6 3:29,8.7,7.3,8.6,47
2021/6/6 3:44,8.7,7.3,8.6,46.4
2021/6/6 3:59,8.7,7.4,8.1,48
2021/6/6 4:14,8.7,7.3,8.4,47.7
2021/6/6 4:29,8.7,7.3,8.5,47.8
2021/6/6 4:44,8.6,7.3,8,46.3
2021/6/6 4:59,8.5,7.3,8,47.1
2021/6/6 5:14,8.6,7.3,7.8,46.1
2021/6/6 5:29,8.3,7.3,7.8,46.4
2021/6/6 5:44,8.4,7.3,8.2,45.9
2021/6/6 5:59,8.4,7.3,8,45.2
2021/6/6 6:14,8.5,7.2,7.4,45.6
2021/6/6 6:29,8.4,7.2,7.9,45
2021/6/6 6:44,8.7,7.3,7.8,45.4
2021/6/6 6:59,8.6,7.2,7.5,45.6
2021/6/6 7:14,8.3,7.2,7.6,45
2021/6/6 7:29,8.5,7.2,7.2,44.3
2021/6/6 7:44,8.3,7.2,7.5,45.2
2021/6/6 7:59,8.3,7.2,7.3,45
2021/6/6 8:14,8.2,7.2,7.5,46.1
2021/6/6 8:29,8.2,7.3,7.6,45.2
2021/6/6 8:44,8.4,7.3,7.3,45.6
2021/6/6 8:59,8.4,7.2,7.1,45.1
2021/6/6 9:14,8.4,7.3,7.3,46.7
2021/6/6 9:29,8.4,7.2,7.2,44.2
2021/6/6 9:44,8.5,7.2,7.4,43.2
2021/6/6 9:59,8.7,7.2,7.4,44.9
2021/6/6 10:14,8.6,7.3,7.2,45.4
2021/6/6 10:29,8.7,7.2,7.2,44.9
2021/6/6 10:44,8.7,7.2,7.4,45.3
2021/6/6 10:59,8.7,7.2,7.3,44
2021/6/6 11:14,8.4,7.3,7.2,44.9
2021/6/6 11:29,8.5,7.4,7.5,46.4
2021/6/6 11:44,8.8,7.4,7.8,44.5
2021/6/6 11:59,8.6,7.4,7.8,47.4
2021/6/6 12:14,8.5,7.5,7.8,45.7
2021/6/6 12:29,8.7,7.5,8.2,46.1
2021/6/6 12:44,8.9,7.4,8.1,44.9
2021/6/6 12:59,8.7,7.4,7.9,46.1
2021/6/6 13:14,8.7,7.3,8,47
2021/6/6 13:29,9,7.4,8.5,46
2021/6/6 13:44,8.9,7.4,8.6,47.1
2021/6/6 13:59,8.7,7.4,8.7,47.3
2021/6/6 14:14,8.7,7.3,8.8,47.8
2021/6/6 14:29,8.8,7.5,8.3,47.9
2021/6/6 14:44,8.9,7.4,9,47.8
2021/6/6 14:59,8.8,7.5,8.9,48.3
2021/6/6 15:14,8.7,7.2,8.2,45.8
2021/6/6 15:29,8.7,7.4,8.4,47.3
2021/6/6 15:44,8.6,7.3,8.9,45.9
2021/6/6 15:59,8.7,7.3,9.1,47.3
2021/6/6 16:14,9,7.4,9.1,47.3
2021/6/6 16:29,8.6,7.3,8.6,46.6
2021/6/6 16:44,8.6,7.3,8.8,47.6
2021/6/6 16:59,8.7,7.4,8.9,48.1
2021/6/6 17:14,8.7,7.3,8,47
2021/6/6 17:29,8.8,7.4,8.2,47.3
2021/6/6 17:44,8.7,7.4,8.2,46.8
2021/6/6 17:59,8.7,7.2,8.6,46.5
2021/6/6 18:14,8.8,7.3,7.9,47.8
2021/6/6 18:29,8.7,7.4,8.2,46.4
2021/6/6 18:44,8.7,7.4,8.6,47.6
2021/6/6 18:59,8.9,7.5,9,47.7
2021/6/6 19:14,8.8,7.4,8.4,46.9
2021/6/6 19:29,8.9,7.4,8.6,47.7
2021/6/6 19:44,8.6,7.3,8.4,48.1
2021/6/6 19:59,8.8,7.5,8.6,48.1
2021/6/6 20:14,8.6,7.2,8.3,47.7
2021/6/6 20:29,8.9,7.3,7.9,46.7
2021/6/6 20:44,8.7,7.2,8.6,47.8
2021/6/6 20:59,8.6,7.4,8.4,47.8
2021/6/6 21:14,8.7,7.4,8.5,47.4
2021/6/6 21:29,8.7,7.3,8.6,48.5
2021/6/6 21:44,8.7,7.3,8.3,47.1
2021/6/6 21:59,8.7,7.3,8.6,47.5
2021/6/6 22:14,8.6,7.4,8.8,47
2021/6/6 22:29,8.6,7.3,8.1,48.4
2021/6/6 22:44,8.6,7.4,8.5,47.6
2021/6/6 22:59,8.6,7.3,9,47.4
2021/6/6 23:14,8.6,7.3,8.4,47.8
2021/6/6 23:29,8.6,7.4,8.8,49
2021/6/6 23:44,8.6,7.5,9,47.7
2021/6/6 23:59,8.7,7.4,8.5,47.7
2021/6/7 0:14,8.7,7.3,8.8,47.3
2021/6/7 0:29,8.6,7.4,8.9,45.8
2021/6/7 0:44,8.6,7.4,8.8,48
2021/6/7 0:59,8.6,7.5,8.3,49.1
2021/6/7 1:14,8.6,7.4,8.5,48.6
2021/6/7 1:29,8.8,7.4,8.4,47.6
2021/6/7 1:44,8.9,7.5,8.1,47.9
2021/6/7 1:59,8.8,7.5,8.4,47.2
2021/6/7 2:14,8.8,7.4,8.7,48.8
2021/6/7 2:29,9,7.5,8.7,47.9
2021/6/7 2:44,8.9,7.4,8.9,47.1
2021/6/7 2:59,8.5,7.4,9,47.3
2021/6/7 3:14,8.6,7.6,8.7,47.9
2021/6/7 3:29,8.7,7.5,8.6,47.4
2021/6/7 3:44,8.6,7.5,8.7,47.2
2021/6/7 3:59,8.5,7.4,8.3,48.3
2021/6/7 4:14,8.4,7.4,8.8,48.8
2021/6/7 4:29,8.4,7.4,8.5,47.6
2021/6/7 4:44,8.6,7.4,8,45.3
2021/6/7 4:59,8.6,7.3,8.1,45.4
2021/6/7 5:14,8.5,7.3,7.9,45.6
2021/6/7 5:29,8.4,7.3,7.8,46.9
2021/6/7 5:44,8.5,7.4,7.8,46
2021/6/7 5:59,8.5,7.3,7.7,46.4
2021/6/7 6:14,8.5,7.2,7.2,46.4
2021/6/7 6:29,8.7,7.2,7.4,44.7
2021/6/7 6:44,8.6,7.3,7.3,45.2
2021/6/7 6:59,8.6,7.3,7.3,45.1
2021/6/7 7:14,8.7,7.3,7.3,45.3
2021/6/7 7:29,8.5,7.3,7.1,44.6
2021/6/7 7:44,8.6,7.2,7.2,44.7
2021/6/7 7:59,8.6,7.2,7.3,44.7
2021/6/7 8:14,8.8,7.1,7.2,44.7
2021/6/7 8:29,8.6,7.2,7.3,44.1
2021/6/7 8:44,8.7,7.2,7.4,44.4
2021/6/7 8:59,8.7,7.2,7.2,44.7
2021/6/7 9:14,8.5,7.2,7.2,43.5
2021/6/7 9:29,8.6,7.1,7.2,45.1
2021/6/7 9:44,8.7,7.1,7.5,44.5
2021/6/7 9:59,8.7,7.3,7.2,43.9
2021/6/7 10:14,8.8,7.3,7.2,44.7
2021/6/7 10:29,8.8,7.3,7.3,44.7
2021/6/7 10:44,8.8,7.2,7.4,46
2021/6/7 10:59,8.9,7.3,7.6,46.2
2021/6/7 11:14,8.5,7.2,8,47.4
2021/6/7 11:29,8.9,7.3,7.8,47.4
2021/6/7 11:44,8.8,7.3,8.6,46.4
2021/6/7 11:59,8.9,7.4,8.2,47.2
2021/6/7 12:14,8.7,7.5,8.5,46.3
2021/6/7 12:29,8.9,7.4,8.6,47.4
2021/6/7 12:44,8.8,7.4,8.4,46.8
2021/6/7 12:59,8.7,7.4,9.1,47.4
2021/6/7 13:14,8.7,7.3,9.4,46.9
2021/6/7 13:29,8.8,7.4,9.3,47.1
2021/6/7 13:44,8.8,7.4,8.9,47.5
2021/6/7 13:59,8.8,7.5,9.4,48
2021/6/7 14:14,8.7,7.5,9,47.9
2021/6/7 14:29,8.6,7.4,8.8,47.6
2021/6/7 14:44,8.7,7.5,9.1,48.6
2021/6/7 14:59,8.7,7.5,9.6,47.5
2021/6/7 15:14,8.7,7.4,9.4,47.9
2021/6/7 15:29,8.7,7.4,8.9,46.8
2021/6/7 15:44,8.7,7.4,8.8,48.2
2021/6/7 15:59,8.8,7.3,8.9,47.4
2021/6/7 16:14,8.8,7.5,9,47.8
2021/6/7 16:29,8.7,7.4,9,47.7
2021/6/7 16:44,8.6,7.6,8.5,48.1
2021/6/7 16:59,8.9,7.4,8.6,47.1
2021/6/7 17:14,8.7,7.4,8.8,46.9
2021/6/7 17:29,8.6,7.3,8.7,47.8
2021/6/7 17:44,8.7,7.4,8.6,48.2
2021/6/7 17:59,8.7,7.4,9.2,47.7
2021/6/7 18:14,8.8,7.6,9.4,49
2021/6/7 18:29,8.7,7.4,8.9,46.5
2021/6/7 18:44,8.5,7.3,9.3,48.5
2021/6/7 18:59,8.5,7.6,9.1,46.7
2021/6/7 19:14,9,7.5,9.1,47.5
2021/6/7 19:29,8.7,7.5,8.7,45.8
2021/6/7 19:44,8.6,7.3,9.1,47
2021/6/7 19:59,8.8,7.4,8.9,47.6
2021/6/7 20:14,8.6,7.5,8.5,47.9
2021/6/7 20:29,8.8,7.4,8.6,47.5
2021/6/7 20:44,8.7,7.7,9.2,48.1
2021/6/7 20:59,8.7,7.4,8.6,48.1
2021/6/7 21:14,8.7,7.5,9,48.7
2021/6/7 21:29,8.6,7.5,8.6,48.1
2021/6/7 21:44,8.6,7.5,8.6,48.5
2021/6/7 21:59,8.6,7.3,8.7,48.3
2021/6/7 22:14,8.6,7.4,9.7,47.8
2021/6/7 22:29,8.7,7.4,9.5,48.3
2021/6/7 22:44,8.8,7.4,9.7,48.2
2021/6/7 22:59,8.7,7.3,9.5,48.2
2021/6/7 23:14,8.8,7.3,9.6,47.9
2021/6/7 23:29,8.7,7.5,9.7,47.1
2021/6/7 23:44,8.6,7.3,9.6,46.7
2021/6/7 23:59,8.7,7.3,8.8,47.6
2021/6/8 0:14,8.7,7.4,9.1,47.5
2021/6/8 0:29,8.5,7.3,8.9,47.7
2021/6/8 0:44,8.3,7.4,8.4,48.8
2021/6/8 0:59,8.3,7.3,8.3,46.6
2021/6/8 1:14,8.5,7.3,8.8,47.4
2021/6/8 1:29,8.4,7.4,8.7,47.9
2021/6/8 1:44,8.6,7.4,8.7,46.9
2021/6/8 1:59,8.6,7.5,9.1,47.2
2021/6/8 2:14,8.7,7.4,8,47.1
2021/6/8 2:29,8.7,7.4,8.7,48.9
2021/6/8 2:44,8.6,7.3,8.5,47.3
2021/6/8 2:59,8.5,7.3,8.4,47.7
2021/6/8 3:14,8.8,7.4,8.2,47.2
2021/6/8 3:29,8.7,7.3,8.5,47.8
2021/6/8 3:44,8.6,7.4,8.4,48.5
2021/6/8 3:59,8.6,7.4,8.7,48.6
2021/6/8 4:14,8.7,7.2,8.4,48.6
2021/6/8 4:29,8.6,7.3,8.5,48.6
2021/6/8 4:44,8.5,7.1,7.9,47.5
2021/6/8 4:59,8.5,7.2,8.1,44.5
2021/6/8 5:14,8.5,7.1,7.4,46.1
2021/6/8 5:29,8.4,7.2,7.9,45.3
2021/6/8 5:44,8.4,7.3,7.6,45.5
2021/6/8 5:59,8.3,7.3,7.5,44.9
2021/6/8 6:14,8.5,7.2,7.5,45.4
2021/6/8 6:29,8.4,7.2,7.4,44.5
2021/6/8 6:44,8.2,7.3,7.4,43.9
2021/6/8 6:59,8.2,7.2,7.4,44.4
2021/6/8 7:14,8.2,7.2,7.5,44.6
2021/6/8 7:29,8.4,7.1,7.7,44.2
2021/6/8 7:44,8.3,7.3,7.6,44.5
2021/6/8 7:59,8.3,7.1,7.4,45
2021/6/8 8:14,8.2,7.2,7.4,44
2021/6/8 8:29,8.4,7.1,7.6,43.8
2021/6/8 8:44,8.5,7.2,7.5,44.2
2021/6/8 8:59,8.4,7.2,7.5,44.5
2021/6/8 9:14,8.4,7.2,7.8,43.5
2021/6/8 9:29,8.4,7.1,7.8,44.4
2021/6/8 9:44,8.5,7.3,7.8,43.9
2021/6/8 9:59,8.6,7.1,7.5,44.7
2021/6/8 10:14,8.6,7.1,7.7,44.6
2021/6/8 10:29,8.5,7.3,8.1,44.4
2021/6/8 10:44,8.6,7.3,8,44.4
2021/6/8 10:59,8.9,7.2,7.7,45.1
2021/6/8 11:14,8.6,7.3,7.7,46.1
2021/6/8 11:29,8.9,7.3,8.1,45.3
2021/6/8 11:44,9.4,7.4,8.3,47.1
2021/6/8 11:59,9.2,7.3,8.2,46.7
2021/6/8 12:14,8.9,7.4,8.1,46.4
2021/6/8 12:29,9.1,7.4,8.3,46.9
2021/6/8 12:44,9,7.4,8.8,47
2021/6/8 12:59,9.1,7.4,8.3,46.4
2021/6/8 13:14,9.1,7.4,8.2,46.5
2021/6/8 13:29,8.9,7.5,8.1,47.3
2021/6/8 13:44,8.9,7.4,8.4,47.5
2021/6/8 13:59,9.2,7.3,8.6,47.9
2021/6/8 14:14,9,7.3,8.2,47.6
2021/6/8 14:29,9.2,7.3,8.3,47.8
2021/6/8 14:44,9.2,7.3,8.4,47.1
2021/6/8 14:59,9.3,7.3,9.1,47.6
2021/6/8 15:14,8.9,7.3,8.5,46.5
2021/6/8 15:29,9,7.3,8.8,47.5
2021/6/8 15:44,9.1,7.4,8.3,46.8
2021/6/8 15:59,9.1,7.2,8.2,47
2021/6/8 16:14,9.1,7.3,8.4,46.8
2021/6/8 16:29,9.1,7.3,8.5,47
2021/6/8 16:44,8.9,7.3,8.9,48
2021/6/8 16:59,9.1,7.4,8.7,47
2021/6/8 17:14,9,7.3,8.2,46.6
2021/6/8 17:29,8.8,7.3,8.3,47.2
2021/6/8 17:44,9,7.4,8.2,48.1
2021/6/8 17:59,9.1,7.5,8.5,47.9
2021/6/8 18:14,8.9,7.5,8.7,49.6
2021/6/8 18:29,9,7.4,8.9,48
2021/6/8 18:44,8.9,7.3,8.3,49
2021/6/8 18:59,8.9,7.4,8.4,47.7
2021/6/8 19:14,8.8,7.4,8.5,46.8
2021/6/8 19:29,8.9,7.3,8.9,47.6
2021/6/8 19:44,8.9,7.4,8.6,45.5
2021/6/8 19:59,9.1,7.4,8.2,47.7
2021/6/8 20:14,8.9,7.4,8.4,47.8
2021/6/8 20:29,9,7.3,8.7,46.3
2021/6/8 20:44,8.8,7.5,8.5,48.4
2021/6/8 20:59,9.2,7.4,9,48.7
2021/6/8 21:14,8.8,7.3,8.7,47.4
2021/6/8 21:29,8.9,7.3,8.3,48.5
2021/6/8 21:44,9.1,7.4,8.2,48.8
2021/6/8 21:59,9,7.3,8.7,47.6
2021/6/8 22:14,8.9,7.3,8.1,47.2
2021/6/8 22:29,9,7.4,8.5,48.5
2021/6/8 22:44,9.1,7.4,8.2,47.6
2021/6/8 22:59,9.1,7.3,8.2,48.8
2021/6/8 23:14,9.1,7.3,8.1,47.6
2021/6/8 23:29,8.9,7.4,8.7,48.7
2021/6/8 23:44,9,7.4,8.4,47.9
2021/6/8 23:59,9.1,7.3,8.1,47
2021/6/9 0:14,9,7.3,8.2,47.4
2021/6/9 0:29,8.8,7.2,8.2,47.2
2021/6/9 0:44,8.7,7.3,8.1,47.5
2021/6/9 0:59,8.6,7.3,8.2,48.2
2021/6/9 1:14,8.7,7.3,8.5,47.1
2021/6/9 1:29,8.6,7.4,8.5,47.9
2021/6/9 1:44,8.8,7.5,8.9,47.6
2021/6/9 1:59,8.6,7.4,8.5,46.9
2021/6/9 2:14,8.7,7.5,8.7,46.5
2021/6/9 2:29,8.9,7.4,8.2,47.1
2021/6/9 2:44,8.9,7.3,7.7,47.1
2021/6/9 2:59,8.7,7.3,8.6,49
2021/6/9 3:14,8.7,7.5,8.5,48.8
2021/6/9 3:29,8.5,7.3,8.3,47.8
2021/6/9 3:44,8.5,7.1,8,47.7
2021/6/9 3:59,8.5,7.3,8.1,47.6
2021/6/9 4:14,8.7,7.2,8.1,48.4
2021/6/9 4:29,8.5,7.2,7.6,47.2
2021/6/9 4:44,8.6,7.2,7.6,45.2
2021/6/9 4:59,8.7,7.2,7.5,47
2021/6/9 5:14,8.6,7.3,7.5,46.2
2021/6/9 5:29,8.6,7.2,7.3,46
2021/6/9 5:44,8.5,7.1,7.3,46
2021/6/9 5:59,8.6,7.3,7.3,47.5
2021/6/9 6:14,8.7,7.2,7.2,46
2021/6/9 6:29,8.5,7.1,7.3,45.9
2021/6/9 6:44,8.6,7.2,7.4,44.2
2021/6/9 6:59,8.8,7.1,7.1,44
2021/6/9 7:14,8.8,7.1,7.1,44.4
2021/6/9 7:29,8.9,7.2,7.2,44.5
2021/6/9 7:44,8.8,7.1,7.1,44.8
2021/6/9 7:59,9,7.1,7.2,43.3
2021/6/9 8:14,9,7.2,7.2,44.1
2021/6/9 8:29,9,7.1,7.3,43.4
2021/6/9 8:44,8.9,7.2,7,45.1
2021/6/9 8:59,9,7.1,7.1,44.3
2021/6/9 9:14,8.8,7.1,7.2,46.1
2021/6/9 9:29,8.9,7.1,7.1,43.1
2021/6/9 9:44,8.9,7.1,7.2,43.6
2021/6/9 9:59,8.8,7.1,7.2,44.9
2021/6/9 10:14,9,7.1,7.3,44.5
2021/6/9 10:29,8.6,7.2,7.3,44.2
2021/6/9 10:44,9.5,7.2,7.5,47.4
2021/6/9 10:59,9.2,7.2,7.7,46.7
2021/6/9 11:14,9.1,7.3,8.3,45.9
2021/6/9 11:29,9.2,7.2,8,46.9
2021/6/9 11:44,9.1,7.3,8.3,47.7
2021/6/9 11:59,9,7.2,7.9,45.6
2021/6/9 12:14,8.8,7.3,7.9,45.9
2021/6/9 12:29,9.1,7.2,7.9,45.8
2021/6/9 12:44,9,7.2,7.9,45.7
2021/6/9 12:59,9,7.2,8,46.5
2021/6/9 13:14,9,7.4,8.3,47.3
2021/6/9 13:29,9,7.4,8.2,47.3
2021/6/9 13:44,9,7.4,8.5,47.7
2021/6/9 13:59,9.2,7.4,8.7,48.5
2021/6/9 14:14,9.1,7.3,8.6,46.9
2021/6/9 14:29,9,7.4,8.5,48.1
2021/6/9 14:44,9.1,7.4,8.7,47.5
2021/6/9 14:59,9.1,7.3,8.2,46.6
2021/6/9 15:14,9,7.4,8.6,47.6
2021/6/9 15:29,9,7.3,8.4,47.9
2021/6/9 15:44,9.2,7.5,9.1,47.8
2021/6/9 15:59,9.1,7.4,8.9,47.7
2021/6/9 16:14,9,7.5,8.6,47.8
2021/6/9 16:29,9.2,7.3,8.7,48.2
2021/6/9 16:44,9,7.5,8.6,46.9
2021/6/9 16:59,8.9,7.4,8.7,47.4
2021/6/9 17:14,9.1,7.5,8.8,48.1
2021/6/9 17:29,8.9,7.4,8.4,48.2
2021/6/9 17:44,9,7.3,8.2,48
2021/6/9 17:59,9.4,7.3,8.5,47.5
2021/6/9 18:14,9.4,7.3,8.2,46.3
2021/6/9 18:29,9.1,7.3,8.6,47
2021/6/9 18:44,9.1,7.3,8.3,47.5
2021/6/9 18:59,9.2,7.5,8.8,48
2021/6/9 19:14,9.1,7.3,8.2,47.1
2021/6/9 19:29,9.1,7.3,8.3,46.9
2021/6/9 19:44,9.4,7.4,8.7,48
2021/6/9 19:59,9.2,7.2,8.4,47.4
2021/6/9 20:14,8.9,7.4,8.3,48.3
2021/6/9 20:29,9,7.4,8.2,48
2021/6/9 20:44,9.2,7.3,8.6,46.6
2021/6/9 20:59,9.1,7.3,8.2,47.6
2021/6/9 21:14,9.3,7.3,8.4,47.4
2021/6/9 21:29,9.2,7.3,8.5,48.3
2021/6/9 21:44,9.2,7.3,8.5,46.9
2021/6/9 21:59,9.2,7.5,8.5,47.7
2021/6/9 22:14,9.1,7.4,8.5,47.8
2021/6/9 22:29,10,7.6,8.8,47.9
2021/6/9 22:44,9,7.4,8.5,47.1
2021/6/9 22:59,8.8,7.3,8.8,49
2021/6/9 23:14,9,7.4,8.5,48.6
2021/6/9 23:29,9.2,7.5,8.6,48.8
2021/6/9 23:44,9,7.3,8.4,48.3
2021/6/9 23:59,8.9,7.5,8.5,48.5
2021/6/10 0:14,9.1,7.4,8.8,48
2021/6/10 0:29,8.9,7.5,8.7,48.1
2021/6/10 0:44,8.7,7.5,8.7,47.1
2021/6/10 0:59,8.6,7.4,8.4,47.9
2021/6/10 1:14,8.5,7.4,8.8,46.7
2021/6/10 1:29,8.7,7.4,8.5,47.4
2021/6/10 1:44,8.7,7.5,8.8,47
2021/6/10 1:59,8.5,7.4,8.5,46.8
2021/6/10 2:14,8.6,7.5,9.3,48.2
2021/6/10 2:29,8.7,7.5,8.8,48.6
2021/6/10 2:44,8.7,7.7,8.6,48.4
2021/6/10 2:59,8.8,7.6,8.6,48.1
2021/6/10 3:14,8.8,7.5,9.2,47.4
2021/6/10 3:29,8.6,7.6,8.6,48.3
2021/6/10 3:44,8.6,7.5,8.3,47.9
2021/6/10 3:59,8.6,7.5,8.7,47.4
2021/6/10 4:14,8.6,7.6,8.8,48.3
2021/6/10 4:29,8.7,7.6,8.6,48.3
2021/6/10 4:44,8.6,7.7,8.8,48.3
2021/6/10 4:59,8.6,7.4,8.1,47
2021/6/10 5:14,8.7,7.3,8.2,46.2
2021/6/10 5:29,8.5,7.4,8.1,45.9
2021/6/10 5:44,8.7,7.4,7.8,46.6
2021/6/10 5:59,8.7,7.2,7.6,45.4
2021/6/10 6:14,8.6,7.2,7.7,45.6
2021/6/10 6:29,8.7,7.2,7.4,45.3
2021/6/10 6:44,8.6,7.3,7.7,45.2
2021/6/10 6:59,8.6,7.3,7.5,44.4
2021/6/10 7:14,8.6,7.2,7.5,44.9
2021/6/10 7:29,8.6,7.2,7.3,45.2
2021/6/10 7:44,8.6,7.3,7.3,44.1
2021/6/10 7:59,8.7,7.2,7.6,44.8
2021/6/10 8:14,8.7,7.3,7.5,44.5
2021/6/10 8:29,8.9,7.2,7.5,43.1
2021/6/10 8:44,8.7,7.2,7.3,43.3
2021/6/10 8:59,8.7,7.2,7.4,44.5
2021/6/10 9:14,8.6,7.3,7.4,44
2021/6/10 9:29,8.6,7.3,7.7,44.5
2021/6/10 9:44,8.9,7.2,7.4,43.9
2021/6/10 9:59,8.8,7.3,7.7,43.7
2021/6/10 10:14,8.9,7.3,7.7,44.5
2021/6/10 10:29,8.8,7.3,8,43.6
2021/6/10 10:44,8.9,7.4,8.1,44.9
2021/6/10 10:59,9.1,7.2,8,45.4
2021/6/10 11:14,8.7,7.3,8.1,45.7
2021/6/10 11:29,8.7,7.5,8.1,44.7
2021/6/10 11:44,9.1,7.5,7.6,46.1
2021/6/10 11:59,8.9,7.2,7.7,45.6
2021/6/10 12:14,9.1,7.5,8.2,45.7
2021/6/10 12:29,9.1,7.4,8,47.5
2021/6/10 12:44,8.9,7.3,8.1,47.3
2021/6/10 12:59,8.8,7.2,7.8,47.3
2021/6/10 13:14,9,7.3,8.1,46.3
2021/6/10 13:29,8.8,7.3,7.8,47.6
2021/6/10 13:44,8.9,7.4,8.4,46.2
2021/6/10 13:59,9.1,7.4,8.3,47.6
2021/6/10 14:14,9.1,7.3,8.2,47
2021/6/10 14:29,9.3,7.3,8.1,47.9
2021/6/10 14:44,9.1,7.4,8.1,46.2
2021/6/10 14:59,9.2,7.4,8.5,46.9
2021/6/10 15:14,8.5,8.8,7.8,45.1
2021/6/10 15:29,8.4,9.6,7.5,47
2021/6/10 15:44,8.1,8.7,7.4,45.1
2021/6/10 15:59,8.6,10.8,7.6,47.6
2021/6/10 16:14,7.9,8.5,7.7,45.5
2021/6/10 16:29,8,7.6,7.2,45.3
2021/6/10 16:44,8.2,7.5,7.7,44.7
2021/6/10 16:59,7.4,7,7.7,46.6
2021/6/10 17:14,7.3,9.2,8,47.5
2021/6/10 17:29,7.6,8.8,7.5,46.7
2021/6/10 17:44,8,8.1,7.7,46.4
2021/6/10 17:59,7.9,9.2,7,44.9
2021/6/10 18:14,8.5,10.8,7.4,46
2021/6/10 18:29,8.2,8.7,7.5,43.9
2021/6/10 18:44,7.5,7.8,7.1,44.8
2021/6/10 18:59,7.4,10,7.4,45
2021/6/10 19:14,8,10.4,6.8,46
2021/6/10 19:29,8.2,9.9,7,44.6
2021/6/10 19:44,8,9.3,7.2,45.9
2021/6/10 19:59,8.1,10.4,7.9,45.3
2021/6/10 20:14,7.6,9.2,7.4,44.2
2021/6/10 20:29,7.8,8.6,7.7,44.5
2021/6/10 20:44,7.6,9,7.2,46.5
2021/6/10 20:59,7.6,10.5,7.8,46
2021/6/10 21:14,8,7.4,7.4,44.3
2021/6/10 21:29,7.7,8.2,7.4,46.8
2021/6/10 21:44,7.6,10.2,7.2,45.8
2021/6/10 21:59,7.8,8.9,7.7,45.8
2021/6/10 22:14,7.9,7.1,7,46.1
2021/6/10 22:29,7.5,8.7,7.2,46
2021/6/10 22:44,8,8.1,7.8,46
2021/6/10 22:59,7.7,7.4,7.3,46.4
2021/6/10 23:14,7.8,9.5,7.8,45.6
2021/6/10 23:29,7.6,7.9,7.2,47
2021/6/10 23:44,7.7,6.5,7.8,46.5
2021/6/10 23:59,7.9,7.9,7.2,45.6
2021/6/11 0:14,7.9,7.9,7.9,45.1
2021/6/11 0:29,8.2,11.6,6.7,43.7
2021/6/11 0:44,7.7,9.8,6.9,44.8
2021/6/11 0:59,7.5,9.1,7.2,44.5
2021/6/11 1:14,7.6,7.7,7.2,44.5
2021/6/11 1:29,7.6,7.7,6.9,42.4
2021/6/11 1:44,7.6,9.3,6.7,43.1
2021/6/11 1:59,7.5,10.2,7.3,45.9
2021/6/11 2:14,7.8,9,7.4,45.6
2021/6/11 2:29,7.6,9.2,7,44.7
2021/6/11 2:44,7.4,10,7.2,46.1
2021/6/11 2:59,7.8,10.5,7.4,45.3
2021/6/11 3:14,7.5,9.1,8.1,46.8
2021/6/11 3:29,7.6,8.5,8.1,43.9
2021/6/11 3:44,8.1,8.9,7.5,45.4
2021/6/11 3:59,8,10.2,7.7,45.3
2021/6/11 4:14,8.3,8.1,7.6,45.9
2021/6/11 4:29,8.2,9.6,7.8,45.5
2021/6/11 4:44,8.1,8.7,7.5,44.4
2021/6/11 4:59,8.1,9.3,7.2,43.5
2021/6/11 5:14,8.6,10.2,7.5,43.6
2021/6/11 5:29,8.3,8.7,7.5,44.6
2021/6/11 5:44,8.1,8.2,7.5,44.4
2021/6/11 5:59,8.5,8,7.6,42.3
2021/6/11 6:14,8.5,9.6,7.8,42.3
2021/6/11 6:29,8.3,7.5,6.9,46
2021/6/11 6:44,8.4,7.4,7.7,42.2
2021/6/11 6:59,8.3,7.1,7.8,42.3
2021/6/11 7:14,8.3,7.4,6.6,42.7
2021/6/11 7:29,8.3,7.3,6.6,41.7
2021/6/11 7:44,8.2,6.8,6.7,41.9
2021/6/11 7:59,8.1,7.3,6.7,43.6
2021/6/11 8:14,8.7,7.3,6.9,42.7
2021/6/11 8:29,8.1,6.8,6.9,43.7
2021/6/11 8:44,8.4,7.1,7,42.5
2021/6/11 8:59,8.2,7.5,6.8,43.1
2021/6/11 9:14,8.8,7,6.8,42.7
2021/6/11 9:29,8.7,6.7,7.2,42.3
2021/6/11 9:44,8.5,6.8,7.3,42.3
2021/6/11 9:59,8.3,6.6,6.9,42.8
2021/6/11 10:14,8.2,6.6,6.9,42.7
2021/6/11 10:29,8.1,6.7,6.8,43.5
2021/6/11 10:44,8,8.3,7.1,43.1
2021/6/11 10:59,9.4,7.9,7.5,43.3
2021/6/11 11:14,8.5,6.5,7,42.4
2021/6/11 11:29,8.5,8.8,7.8,43.3
2021/6/11 11:44,8.4,9.6,7.8,43.9
2021/6/11 11:59,8,7.7,7,44.3
2021/6/11 12:14,8.4,8.6,7.9,44.6
2021/6/11 12:29,8.3,7.5,7.9,46.2
2021/6/11 12:44,8.1,7.6,8.2,46.8
2021/6/11 12:59,8.2,8.9,7.8,45.7
2021/6/11 13:14,8.6,8.2,7.6,44.5
2021/6/11 13:29,8.1,7.9,7.3,44
2021/6/11 13:44,7.8,8.7,7.7,45.2
2021/6/11 13:59,7.9,8.7,8.4,45
2021/6/11 14:14,7.8,7.6,7.9,45.8
2021/6/11 14:29,7.7,8.3,7.5,45.3
2021/6/11 14:44,7.7,7.2,8.5,45.2
2021/6/11 14:59,7.9,9.1,7.5,45.3
2021/6/11 15:14,8.1,7.4,7.4,45.2
2021/6/11 15:29,7.7,7.9,7.9,44.1
2021/6/11 15:44,7.7,7,7.8,45.4
2021/6/11 15:59,7.6,8.5,7.7,42.7
2021/6/11 16:14,7.9,10.1,8.1,45.2
2021/6/11 16:29,8.1,7.4,7.4,44.6
2021/6/11 16:44,8.1,9.8,7.1,46.7
2021/6/11 16:59,8.4,7.8,7.8,45.1
2021/6/11 17:14,8.2,10.2,8.1,45.8
2021/6/11 17:29,8,8.1,7.1,45.7
2021/6/11 17:44,8.3,10.2,8.2,44.8
2021/6/11 17:59,8.4,7.6,8.1,46
2021/6/11 18:14,7.9,8.1,8.5,43.8
2021/6/11 18:29,8.6,8.5,7.5,44.3
2021/6/11 18:44,8.4,9.5,7.7,45.1
2021/6/11 18:59,7.9,8,8.4,45.9
2021/6/11 19:14,8,7.3,7.6,45.8
2021/6/11 19:29,8.3,8.2,7.6,44.6
2021/6/11 19:44,7.8,7.1,7.3,47.3
2021/6/11 19:59,8.2,9.9,7.8,46.7
2021/6/11 20:14,8.2,9.4,8.3,45.2
2021/6/11 20:29,7.8,7.9,7.5,44.4
2021/6/11 20:44,7.8,8.9,7.9,47.3
2021/6/11 20:59,7.9,10.1,7.6,44.7
2021/6/11 21:14,7.8,7.8,7.7,47.1
2021/6/11 21:29,7.6,7.4,8,47.5
2021/6/11 21:44,8.4,9.1,8,46.6
2021/6/11 21:59,7.8,8.9,7.3,45.7
2021/6/11 22:14,7.7,8.9,7.3,45.8
2021/6/11 22:29,7.6,9.3,7.2,45.9
2021/6/11 22:44,7.6,10.3,8.4,45
2021/6/11 22:59,7.7,8.4,8.6,45.7
2021/6/11 23:14,7.9,8.6,7.9,45.5
2021/6/11 23:29,8.6,7.6,8.8,44.3
2021/6/11 23:44,8.1,7.8,9.1,46.3
2021/6/11 23:59,7.3,9,10.1,46.9
2021/6/12 0:14,7.8,9.7,7.9,47.8
2021/6/12 0:29,8.8,7.5,9.4,46.5
2021/6/12 0:44,9,7.4,8.5,48.2
2021/6/12 0:59,9,7.4,9,49.4
2021/6/12 1:14,8.8,7.3,9.1,47.7
2021/6/12 1:29,9,7.2,8.6,48.3
2021/6/12 1:44,8.9,7.3,8.9,47.8
2021/6/12 1:59,8.8,7.4,9.1,47.9
2021/6/12 2:14,8.8,7.3,8.8,47.5
2021/6/12 2:29,8.8,7.3,8.6,47.9
2021/6/12 2:44,8.5,7.3,9.4,47.3
2021/6/12 2:59,8.6,7.3,8.6,46.7
2021/6/12 3:14,8.8,7.2,8.6,48
2021/6/12 3:29,8.9,7.3,8.3,47.2
2021/6/12 3:44,8.9,7.3,8.1,47.4
2021/6/12 3:59,8.9,7.4,8.3,47.4
2021/6/12 4:14,8.8,7.3,8,47.4
2021/6/12 4:29,8.9,7.3,8.2,46.8
2021/6/12 4:44,9,7.4,8.2,48.1
2021/6/12 4:59,8.9,7.1,7.7,47.3
2021/6/12 5:14,8.7,7.3,7.8,45.7
2021/6/12 5:29,9,7.2,7.8,46.4
2021/6/12 5:44,9,7.3,7.6,47.9
2021/6/12 5:59,9,7.2,7.7,45.6
2021/6/12 6:14,9.1,7.3,7.8,46.8
2021/6/12 6:29,9.1,7.3,8,49.2
2021/6/12 6:44,9.1,7.3,7.6,46.9
2021/6/12 6:59,8.9,7.2,7.5,45.8
2021/6/12 7:14,8.9,7.3,7.3,45.9
2021/6/12 7:29,8.9,7.2,7.5,45.9
2021/6/12 7:44,9,7.3,7.3,44.3
2021/6/12 7:59,8.9,7.3,7.2,44.9
2021/6/12 8:14,9,7.2,7.1,45.8
2021/6/12 8:29,9.1,7.3,7.3,44.5
2021/6/12 8:44,9.1,7.3,7.2,45.5
2021/6/12 8:59,9.1,7.2,7.2,44.8
2021/6/12 9:14,9,7.2,7.3,43.6
2021/6/12 9:29,8.8,7.3,7.1,44.5
2021/6/12 9:44,9.1,7.2,7,44.5
2021/6/12 9:59,9,7.2,7.1,44.5
2021/6/12 10:14,9.1,7.2,7.2,45.4
2021/6/12 10:29,9.1,7.3,7.1,44.3
2021/6/12 10:44,9.1,7.2,7.2,43.9
2021/6/12 10:59,9,7.2,7.5,44.2
2021/6/12 11:14,8.9,7.2,7.3,44
2021/6/12 11:29,8.8,7.3,7.7,45.6
2021/6/12 11:44,8.8,7.2,7.5,45.8
2021/6/12 11:59,8.7,7.2,7.4,46.1
2021/6/12 12:14,8.6,7.3,8,46
2021/6/12 12:29,8.7,7.3,8,47.6
2021/6/12 12:44,9,7.2,7.5,45.6
2021/6/12 12:59,9,7.3,7.7,45
2021/6/12 13:14,9,7.2,7.6,47.1
2021/6/12 13:29,9,7.1,7.7,47.7
2021/6/12 13:44,9,7.2,8.2,49.1
2021/6/12 13:59,9.2,7.3,8.4,48.3
2021/6/12 14:14,8.9,7.2,8.5,46.5
2021/6/12 14:29,9,7.2,8,47.6
2021/6/12 14:44,9,7.4,8.7,48.7
2021/6/12 14:59,9.2,7.2,7.8,47.7
2021/6/12 15:14,8.9,7.3,8.7,47.7
2021/6/12 15:29,9,7.4,9.2,48.4
2021/6/12 15:44,8.9,7.3,8.6,46.6
2021/6/12 15:59,9,7.5,8.3,46.9
2021/6/12 16:14,8.9,7.4,8.4,47.8
2021/6/12 16:29,9.1,7.4,9.1,48.7
2021/6/12 16:44,9,7.3,9,48
2021/6/12 16:59,9,7.4,9.6,47.9
2021/6/12 17:14,9,7.4,8.6,46.8
2021/6/12 17:29,8.9,7.3,8.3,46.9
2021/6/12 17:44,9,7.3,9,44.7
2021/6/12 17:59,8.9,7.3,9.3,46.3
2021/6/12 18:14,8.9,7.2,8.6,46.1
2021/6/12 18:29,9,7.4,9.1,46.9
2021/6/12 18:44,9.2,7.4,9.3,47
2021/6/12 18:59,9,7.4,9.1,47.4
2021/6/12 19:14,9.1,7.3,8.4,46.9
2021/6/12 19:29,8.9,7.4,8.4,46.9
2021/6/12 19:44,9,7.3,8.1,46.8
2021/6/12 19:59,9,7.3,7.9,46.4
2021/6/12 20:14,9.1,7.4,8.2,47.8
2021/6/12 20:29,8.9,7.3,8.2,48.5
2021/6/12 20:44,9,7.3,8.2,48.8
2021/6/12 20:59,9,7.3,8.1,46.2
2021/6/12 21:14,9,7.3,8.1,47
2021/6/12 21:29,8.9,7.3,8.2,48.9
2021/6/12 21:44,9.1,7.3,8.3,47.6
2021/6/12 21:59,9.3,7.3,8.9,45.8
2021/6/12 22:14,9.1,7.4,9,47.1
2021/6/12 22:29,9,7.2,8.2,46.8
2021/6/12 22:44,9.2,7.3,8.3,46.9
2021/6/12 22:59,9,7.2,8.4,46.6
2021/6/12 23:14,9.1,7.2,8.2,46.5
2021/6/12 23:29,9.2,7.2,8.3,45.9
2021/6/12 23:44,8.9,7.4,8.1,46.2
2021/6/12 23:59,9.1,7.2,8.1,46.9
2021/6/13 0:14,9.1,7.3,8.2,46.5
2021/6/13 0:29,8.9,7.2,7.7,46.3
2021/6/13 0:44,8.8,7.3,8.6,47.5
2021/6/13 0:59,9,7.2,8,46.2
2021/6/13 1:14,8.9,7.3,8.2,47.2
2021/6/13 1:29,9,7.3,8.2,46.9
2021/6/13 1:44,9.1,7.3,8,46.1
2021/6/13 1:59,8.8,7.3,7.7,47.8
2021/6/13 2:14,8.8,7.3,8.2,48.1
2021/6/13 2:29,8.8,7.3,8.1,45.7
2021/6/13 2:44,8.8,7.3,7.8,46.4
2021/6/13 2:59,8.8,7.3,7.7,47.5
2021/6/13 3:14,8.7,7.2,8,47.6
2021/6/13 3:29,9,7.3,8,48.2
2021/6/13 3:44,9,7.2,7.7,47.7
2021/6/13 3:59,8.9,7.2,7.7,46
2021/6/13 4:14,8.8,7.2,7.9,47.1
2021/6/13 4:29,8.8,7.2,7.5,47.3
2021/6/13 4:44,9,7.2,7.4,46.9
2021/6/13 4:59,9.1,7.1,7.3,47.8
2021/6/13 5:14,8.9,7.1,7.4,46.1
2021/6/13 5:29,9.1,7.2,7.5,46.7
2021/6/13 5:44,8.9,7.1,7.4,46.1
2021/6/13 5:59,9.1,7.1,7.5,45.6
2021/6/13 6:14,9.1,7.2,7.3,45.3
2021/6/13 6:29,9,7.1,7.3,44.9
2021/6/13 6:44,9,7.1,7.3,43.6
2021/6/13 6:59,9.1,7.1,7.2,45
2021/6/13 7:14,8.9,7,7.1,43.8
2021/6/13 7:29,9,7.1,7,44.7
2021/6/13 7:44,8.9,7.1,7.2,44.7
2021/6/13 7:59,9.1,7,7.1,43.5
2021/6/13 8:14,9,7,7.2,44.2
2021/6/13 8:29,8.8,7,7,44.7
2021/6/13 8:44,8.8,7.1,7.2,44.4
2021/6/13 8:59,8.9,7.2,7,44.7
2021/6/13 9:14,9,7,7.1,43.7
2021/6/13 9:29,9,7.1,7,44.3
2021/6/13 9:44,8.9,7.1,7,43.4
2021/6/13 9:59,9.2,7.1,7.1,46.8
2021/6/13 10:14,9,7.1,7.1,45.2
2021/6/13 10:29,9,7.2,7.1,44
2021/6/13 10:44,8.9,7.1,7.1,45.4
2021/6/13 10:59,9,7,7,44.9
2021/6/13 11:14,8.8,7.1,7.4,45
2021/6/13 11:29,8.9,7,7.2,44.9
2021/6/13 11:44,8.9,7.1,7.2,45.2
2021/6/13 11:59,8.8,7.2,7.4,46.2
2021/6/13 12:14,9,7.2,7.4,45.5
2021/6/13 12:29,8.9,7.2,7.6,45.7
2021/6/13 12:44,8.8,7.1,7.7,46.7
2021/6/13 12:59,9,7.2,7.7,45.9
2021/6/13 13:14,9.1,7.2,7.9,47
2021/6/13 13:29,9,7.2,7.9,45
2021/6/13 13:44,9.2,7.2,8.2,46.5
2021/6/13 13:59,9,7.2,8.1,46.3
2021/6/13 14:14,9.1,7.3,8.5,45.7
2021/6/13 14:29,9.1,7.3,9.1,45.9
2021/6/13 14:44,9.1,7.3,9.2,46.7
2021/6/13 14:59,9,7.4,8.6,47.7
2021/6/13 15:14,9,7.3,8.6,47.4
2021/6/13 15:29,9.2,7.4,8.1,46.5
2021/6/13 15:44,9.1,7.5,8.6,48.3
2021/6/13 15:59,9,7.4,9.5,46.7
2021/6/13 16:14,9.1,7.4,9.1,47.8
2021/6/13 16:29,9,7.5,8.6,48.7
2021/6/13 16:44,9,7.4,8.9,49.2
2021/6/13 16:59,8.9,7.5,8.7,49.7
2021/6/13 17:14,9,7.4,8.6,47.7
2021/6/13 17:29,8.9,7.4,8.3,47.1
2021/6/13 17:44,9,7.5,8.5,46.3
2021/6/13 17:59,8.8,7.3,8.2,46.4
2021/6/13 18:14,9,7.4,8.3,46.5
2021/6/13 18:29,9,7.5,8.3,46.8
2021/6/13 18:44,9,7.4,8.1,47.6
2021/6/13 18:59,8.9,7.5,8.4,47.1
2021/6/13 19:14,9.2,7.4,8.5,47.8
2021/6/13 19:29,9,7.4,8.3,47.4
2021/6/13 19:44,8.8,7.4,8.7,47.1
2021/6/13 19:59,8.8,7.4,8.7,47.5
2021/6/13 20:14,8.8,7.4,9,47.5
2021/6/13 20:29,8.8,7.5,9.3,46.9
2021/6/13 20:44,8.8,7.4,8.8,47.1
2021/6/13 20:59,8.9,7.4,8.3,46.7
2021/6/13 21:14,8.8,7.5,8.3,47.3
2021/6/13 21:29,8.9,7.3,8.6,47.5
2021/6/13 21:44,8.9,7.4,8.3,46.4
2021/6/13 21:59,8.9,7.4,8.4,47.5
2021/6/13 22:14,9,7.5,8.4,47.1
2021/6/13 22:29,9.2,7.6,8.7,46.6
2021/6/13 22:44,9,7.6,9,47
2021/6/13 22:59,9,7.6,8.7,46.8
2021/6/13 23:14,9,7.6,8.9,48
2021/6/13 23:29,9,7.5,9.3,46.2
2021/6/13 23:44,9.1,7.4,8.9,47.6
2021/6/13 23:59,9.1,7.5,8.3,46
2021/6/14 0:14,9.3,7.6,8.6,48.4
2021/6/14 0:29,9.2,7.6,9.3,48
2021/6/14 0:44,9,7.6,8.7,48.1
2021/6/14 0:59,8.9,7.5,8.7,48.7
2021/6/14 1:14,8.8,7.5,8.2,46.6
2021/6/14 1:29,8.9,7.4,8.5,45.3
2021/6/14 1:44,9.1,7.3,8.3,47.3
2021/6/14 1:59,9,7.5,8.3,46.7
2021/6/14 2:14,9,7.4,8.6,46.4
2021/6/14 2:29,8.9,7.4,8.2,46.7
2021/6/14 2:44,8.8,7.5,8.8,47.5
2021/6/14 2:59,8.7,7.4,8.3,47.6
2021/6/14 3:14,9,7.3,8.6,46.6
2021/6/14 3:29,8.9,7.4,8.5,45.7
2021/6/14 3:44,8.7,7.4,8.6,47.2
2021/6/14 3:59,8.6,7.5,8.5,46.9
2021/6/14 4:14,8.6,7.4,9.2,46
2021/6/14 4:29,8.6,7.6,8.9,46.4
2021/6/14 4:44,8.7,7.5,9.1,46.4
2021/6/14 4:59,8.7,7.3,8.6,47.5
2021/6/14 5:14,8.6,7.3,7.9,47
2021/6/14 5:29,8.5,7.3,7.6,47.4
2021/6/14 5:44,8.6,7.4,8.2,46
2021/6/14 5:59,8.9,7.2,8.3,44.6
2021/6/14 6:14,8.8,7.3,7.8,45.2
2021/6/14 6:29,8.7,7.3,7.9,44.1
2021/6/14 6:44,8.7,7.3,7.8,45.7
2021/6/14 6:59,8.7,7.3,8,40.1
2021/6/14 7:14,8.7,7.2,7.3,26
2021/6/14 7:29,8.7,7.1,7.4,34.4
2021/6/14 7:44,8.8,7.2,7.5,45
2021/6/14 7:59,8.8,7.2,7.4,44.9
2021/6/14 8:14,8.8,7.1,7.9,44.2
2021/6/14 8:29,8.8,7.1,7.3,44.5
2021/6/14 8:44,8.7,7.2,7.4,44.2
2021/6/14 8:59,8.8,7.1,7.3,44.5
2021/6/14 9:14,8.8,7.2,7.4,45
2021/6/14 9:29,8.8,7.3,7.3,43.7
2021/6/14 9:44,8.8,7.3,7.5,45
2021/6/14 9:59,8.9,7.1,7.5,44
2021/6/14 10:14,8.8,7.2,7.6,44.3
2021/6/14 10:29,8.7,7.3,7.6,45.3
2021/6/14 10:44,8.8,7.1,7.5,44.3
2021/6/14 10:59,8.9,7.3,8.1,44.9
2021/6/14 11:14,8.8,7.3,8.4,45.1
2021/6/14 11:29,8.9,7.3,8,45
2021/6/14 11:44,9,7.2,8.2,46.1
2021/6/14 11:59,8.8,7.4,7.9,45
2021/6/14 12:14,8.9,7.3,8.5,46.2
2021/6/14 12:29,8.8,7.4,8.8,45.8
2021/6/14 12:44,8.9,7.4,8.7,46.4
2021/6/14 12:59,8.8,7.5,8.5,46.1
2021/6/14 13:14,8.8,7.4,8.4,47.7
2021/6/14 13:29,8.8,7.5,9.2,47.3
2021/6/14 13:44,8.8,7.6,8.5,46.6
2021/6/14 13:59,8.8,7.5,9,46.6
2021/6/14 14:14,8.8,7.6,9.6,47.3
2021/6/14 14:29,8.8,7.5,9.5,45.7
2021/6/14 14:44,8.7,7.7,9.3,47.8
2021/6/14 14:59,8.7,7.5,9.2,45.7
2021/6/14 15:14,8.9,7.5,9,46
2021/6/14 15:29,8.9,7.6,8.9,46.6
2021/6/14 15:44,8.9,7.5,8.5,46
2021/6/14 15:59,8.8,7.3,8.7,46.2
2021/6/14 16:14,8.8,7.5,8.4,46.8
2021/6/14 16:29,9,7.4,8.9,48.2
2021/6/14 16:44,9,7.4,8.7,48.2
2021/6/14 16:59,8.9,7.5,8.1,47.4
2021/6/14 17:14,8.9,7.5,8.8,47
2021/6/14 17:29,8.8,7.4,8.9,47.2
2021/6/14 17:44,8.8,7.5,9,45.7
2021/6/14 17:59,8.8,7.3,8.6,45.5
2021/6/14 18:14,8.8,7.2,7.9,45.4
2021/6/14 18:29,8.7,7.3,8.3,46.2
2021/6/14 18:44,8.8,7.2,8.3,47.6
2021/6/14 18:59,8.8,7.4,8.6,47.5
2021/6/14 19:14,8.9,7.3,8,46.3
2021/6/14 19:29,8.8,7.2,8.3,46.2
2021/6/14 19:44,8.9,7.3,7.9,46.6
2021/6/14 19:59,8.8,7.1,8.4,48.3
2021/6/14 20:14,8.8,7.3,8.9,46
2021/6/14 20:29,8.8,7.3,8.5,46.4
2021/6/14 20:44,8.7,7.3,8.1,47.6
2021/6/14 20:59,8.7,7.2,8.5,47.1
2021/6/14 21:14,8.7,7.2,8.4,47
2021/6/14 21:29,8.8,7.2,8.1,46.5
2021/6/14 21:44,8.8,7.2,8.4,47.8
2021/6/14 21:59,8.9,7.2,8.3,46.7
2021/6/14 22:14,8.8,7.3,8.8,48.5
2021/6/14 22:29,8.7,7.3,8.6,48.1
2021/6/14 22:44,8.9,7.2,8.3,46
2021/6/14 22:59,8.8,7.3,8.6,47.9
2021/6/14 23:14,8.9,7.3,8.4,48
2021/6/14 23:29,9,7.1,9.3,48.2
2021/6/14 23:44,8.9,7.2,8.2,45.8
2021/6/14 23:59,9.1,7.2,8,47
2021/6/15 0:14,8.8,7.3,9.3,45.9
2021/6/15 0:29,8.8,7.4,8.5,46.6
2021/6/15 0:44,8.8,7.3,8.5,48.5
2021/6/15 0:59,8.6,7.2,8.2,48
2021/6/15 1:14,8.7,7.4,8.6,46.9
2021/6/15 1:29,8.6,7.4,8.5,47.7
2021/6/15 1:44,8.6,7.3,7.7,47
2021/6/15 1:59,8.4,7.3,8.4,44.9
2021/6/15 2:14,8.6,7.3,8.3,45.6
2021/6/15 2:29,8.8,7.5,8.5,46.2
2021/6/15 2:44,8.6,7.3,8.4,48.1
2021/6/15 2:59,8.7,7.4,8.2,47.1
2021/6/15 3:14,8.7,7.1,8.1,46.6
2021/6/15 3:29,8.7,7.3,8,46.2
2021/6/15 3:44,8.8,7.3,8.5,45.3
2021/6/15 3:59,8.8,7.2,8.5,46.8
2021/6/15 4:14,8.9,7.3,8.5,48.3
2021/6/15 4:29,8.8,7.3,8.2,47.4
2021/6/15 4:44,8.8,7.2,8,46.6
2021/6/15 4:59,8.7,7.2,7.7,45.5
2021/6/15 5:14,8.9,7.2,7.7,44.5
2021/6/15 5:29,8.8,7.2,7.6,46.2
2021/6/15 5:44,8.8,7.2,7.7,44.7
2021/6/15 5:59,8.7,7.1,7.3,44.9
2021/6/15 6:14,8.8,7.2,7.2,43.9
2021/6/15 6:29,8.7,7.1,7.3,45.8
2021/6/15 6:44,8.9,7.1,7.3,45
2021/6/15 6:59,8.9,7.2,7.2,43.5
2021/6/15 7:14,8.8,7.2,7.1,45.1
2021/6/15 7:29,9,7.1,7.2,43.8
2021/6/15 7:44,8.9,7.1,7.1,44
2021/6/15 7:59,8.9,7.1,7.3,44.6
2021/6/15 8:14,8.9,7,7.3,44.6
2021/6/15 8:29,8.7,7.1,7.1,43.7
2021/6/15 8:44,8.8,7.1,7.2,44.3
2021/6/15 8:59,8.8,7.2,7.2,43.4
2021/6/15 9:14,9,7.2,7.1,43.7
2021/6/15 9:29,8.9,7.2,7.1,43.3
2021/6/15 9:44,8.9,7.1,7.3,44
2021/6/15 9:59,8.9,7.2,7.2,44.6
2021/6/15 10:14,8.9,7.1,7.5,44.3
2021/6/15 10:29,9,7.2,7.5,44.5
2021/6/15 10:44,9,7.2,7.5,46.1
2021/6/15 10:59,9.3,7.2,7.7,44.7
2021/6/15 11:14,8.9,7.2,7.8,46.6
2021/6/15 11:29,9.1,7.2,8,46.5
2021/6/15 11:44,9,7.1,8,47
2021/6/15 11:59,9.2,7.2,7.9,45.6
2021/6/15 12:14,9.2,7.2,7.9,45.7
2021/6/15 12:29,9,7.2,7.5,46.2
2021/6/15 12:44,8.9,7.1,7.7,46.9
2021/6/15 12:59,9,7.1,7.6,47.4
2021/6/15 13:14,9.1,7.2,8,46.7
2021/6/15 13:29,9,7.2,7.7,47.4
2021/6/15 13:44,9,7.1,8.1,46.5
2021/6/15 13:59,8.8,7.2,8.2,48.1
2021/6/15 14:14,9.2,7.2,8.3,47.7
2021/6/15 14:29,8.9,7.1,7.7,48
2021/6/15 14:44,8.8,7.3,8.4,47.2
2021/6/15 14:59,8.9,7.3,7.8,46.8
2021/6/15 15:14,8.8,7.1,8.3,46.2
2021/6/15 15:29,9,7.2,8.4,47.6
2021/6/15 15:44,9,7.2,8.3,47.4
2021/6/15 15:59,8.9,7.2,8.8,47.1
2021/6/15 16:14,9,7.3,8.8,47.3
2021/6/15 16:29,9.1,7.3,8.7,46.9
2021/6/15 16:44,9.3,7.2,8.4,46.6
2021/6/15 16:59,9,7.2,8.2,47.5
2021/6/15 17:14,8.9,7.3,8.2,47.2
2021/6/15 17:29,8.9,7.2,8,46
2021/6/15 17:44,9,7.3,8.1,46.4
2021/6/15 17:59,8.9,7.3,8.3,47.4
2021/6/15 18:14,9,7.2,8.2,45.1
2021/6/15 18:29,9,7.2,8.1,46.5
2021/6/15 18:44,8.9,7.1,7.9,46.8
2021/6/15 18:59,8.8,7.2,8.5,47
2021/6/15 19:14,8.9,7.2,8.2,46.2
2021/6/15 19:29,8.8,7.3,8.3,47.5
2021/6/15 19:44,8.8,7.2,8.2,47.7
2021/6/15 19:59,9.1,7.3,8.1,48.2
2021/6/15 20:14,9,7.2,8.1,46.2
2021/6/15 20:29,8.9,7.3,8.3,47.6
2021/6/15 20:44,8.8,7.2,8.2,47.8
2021/6/15 20:59,8.8,7.1,8.1,46.6
2021/6/15 21:14,8.8,7.2,8.1,48
2021/6/15 21:29,9,7.2,8.3,47.5
2021/6/15 21:44,8.9,7.2,8.8,48
2021/6/15 21:59,8.9,7.3,8.5,48.2
2021/6/15 22:14,8.9,7.3,8.7,47.7
2021/6/15 22:29,8.9,7.2,8.4,47.5
2021/6/15 22:44,9,7.1,8.4,47.7
2021/6/15 22:59,8.9,7.3,8.9,48.3
2021/6/15 23:14,8.9,7.3,8.6,48.2
2021/6/15 23:29,9.1,7.4,9.2,48.6
2021/6/15 23:44,8.9,7.3,9,48.8
2021/6/15 23:59,8.9,7.2,8.5,46.7
2021/6/16 0:14,8.9,7.3,9,48.8
2021/6/16 0:29,8.9,7.2,8.7,48.3
2021/6/16 0:44,9,7.2,8.3,47.3
2021/6/16 0:59,8.8,7.2,7.9,47.6
2021/6/16 1:14,9,7.3,8,47.2
2021/6/16 1:29,9.1,7.2,7.9,47.3
2021/6/16 1:44,9,7.1,7.9,46.2
2021/6/16 1:59,8.8,7.2,7.6,47.9
2021/6/16 2:14,8.7,7.4,8.3,47.8
2021/6/16 2:29,8.6,7.4,8.1,46.7
2021/6/16 2:44,8.5,7.3,8.3,48
2021/6/16 2:59,8.4,7.4,8.3,47.5
2021/6/16 3:14,8.5,7.3,8.9,48
2021/6/16 3:29,8.5,7.4,8,47.6
2021/6/16 3:44,8.4,7.3,8.2,47
2021/6/16 3:59,8.6,7.2,8.2,46.8
2021/6/16 4:14,8.6,7.2,8.2,46.9
2021/6/16 4:29,8.6,7.2,7.8,46.1
2021/6/16 4:44,8.6,7.1,7.8,45.6
2021/6/16 4:59,8.7,7.2,7.9,47.1
2021/6/16 5:14,8.6,7.3,7.7,47.6
2021/6/16 5:29,8.5,7.2,7.7,45.4
2021/6/16 5:44,8.7,7.1,7.7,45.7
2021/6/16 5:59,8.6,7,7.3,44.7
2021/6/16 6:14,8.7,7.2,7.4,44.1
2021/6/16 6:29,8.7,7,7.7,45.6
2021/6/16 6:44,8.8,7,7.5,43.7
2021/6/16 6:59,8.8,7.1,7.5,44.6
2021/6/16 7:14,8.7,7.1,7.1,43.9
2021/6/16 7:29,8.7,7.1,7.4,45
2021/6/16 7:44,8.7,7.1,7.2,43.8
2021/6/16 7:59,8.6,7,7.1,44.1
2021/6/16 8:14,8.7,7.1,7.2,43.7
2021/6/16 8:29,8.9,7,7.2,44.5
2021/6/16 8:44,8.6,7.2,7.1,43.4
2021/6/16 8:59,8.7,7,7.2,44.4
2021/6/16 9:14,8.7,7.1,7.2,42.8
2021/6/16 9:29,8.7,7.1,7.3,44.1
2021/6/16 9:44,8.7,7,7.3,44.3
2021/6/16 9:59,8.7,7.1,7.4,44.2
2021/6/16 10:14,8.6,7.1,7.4,45.1
2021/6/16 10:29,8.7,7.2,7.6,44.9
2021/6/16 10:44,8.7,7.1,7.7,45
2021/6/16 10:59,8.9,7.1,7.5,45.7
2021/6/16 11:14,8.6,7.2,8.2,44.2
2021/6/16 11:29,9,7.3,8.7,44.5
2021/6/16 11:44,9,7.2,8,44.9
2021/6/16 11:59,9.1,7.3,8.2,45.2
2021/6/16 12:14,9,7.2,7.8,45.9
2021/6/16 12:29,8.9,7.2,8.2,46.1
2021/6/16 12:44,9,7.2,8.2,46.4
2021/6/16 12:59,9,7.2,8.4,46
2021/6/16 13:14,9,7.2,8.8,46.1
2021/6/16 13:29,9,7.2,9.7,46
2021/6/16 13:44,8.9,7.2,8.6,48
2021/6/16 13:59,9,7.2,8.9,47.7
2021/6/16 14:14,8.8,7.3,8.8,48.2
2021/6/16 14:29,8.9,7.4,9,47.1
2021/6/16 14:44,8.9,7.2,9,47.6
2021/6/16 14:59,8.9,7.3,9.3,46.2
2021/6/16 15:14,9,7.2,8.8,47.2
2021/6/16 15:29,8.8,7.2,8.4,46.1
2021/6/16 15:44,8.8,7.2,8.6,45.8
2021/6/16 15:59,8.9,7.3,8.8,47.4
2021/6/16 16:14,8.9,7.4,8.3,47.5
2021/6/16 16:29,8.8,7.2,8.4,45.9
2021/6/16 16:44,8.8,7.3,8.4,46.8
2021/6/16 16:59,8.8,7.3,8.5,46.9
2021/6/16 17:14,8.9,7.2,8.3,44.8
2021/6/16 17:29,8.8,7.4,9.3,48.9
2021/6/16 17:44,8.9,7.3,8.7,48.5
2021/6/16 17:59,8.8,7.3,8.9,47.5
2021/6/16 18:14,8.9,7.1,8.7,45.4
2021/6/16 18:29,8.7,7.2,8.7,46.7
2021/6/16 18:44,8.8,7.2,8.6,46.1
2021/6/16 18:59,8.8,7.2,9,46.3
2021/6/16 19:14,8.7,7.2,8.3,47.8
2021/6/16 19:29,8.9,7.2,8.5,47.3
2021/6/16 19:44,8.8,7.2,8.4,46.5
2021/6/16 19:59,8.8,7.2,8.1,44.8
2021/6/16 20:14,8.9,7.2,7.9,46.2
2021/6/16 20:29,8.9,7.2,8.7,47.2
2021/6/16 20:44,8.9,7.2,8.6,48.4
2021/6/16 20:59,9,7.2,8.6,48.6
2021/6/16 21:14,9.1,7.2,8.4,46
2021/6/16 21:29,8.9,7.3,8.4,47
2021/6/16 21:44,8.9,7.3,8.7,48.5
2021/6/16 21:59,8.9,7.2,9.3,47.9
2021/6/16 22:14,8.8,7.2,8.5,46.8
2021/6/16 22:29,8.9,7.3,8.4,47.1
2021/6/16 22:44,8.8,7.4,8.4,48.2
2021/6/16 22:59,8.7,7.3,8.2,47.9
2021/6/16 23:14,8.8,7.2,9,46.6
2021/6/16 23:29,8.8,7.1,9.5,47.5
2021/6/16 23:44,8.8,7.2,8.1,48.2
2021/6/16 23:59,8.9,7.1,8,48.4
2021/6/17 0:14,8.9,7.2,8.2,48.8
2021/6/17 0:29,8.7,7.2,8.1,48.3
2021/6/17 0:44,8.7,7.3,8.1,48.5
2021/6/17 0:59,8.5,7.4,8.4,46.9
2021/6/17 1:14,8.2,7.2,8.3,47
2021/6/17 1:29,8.3,7.3,8.2,47.1
2021/6/17 1:44,8.2,7.3,8.6,45.8
2021/6/17 1:59,8.3,7.3,8.4,46.9
2021/6/17 2:14,8.4,7.3,8.3,46.8
2021/6/17 2:29,8.4,7.4,9.1,46.4
2021/6/17 2:44,8.4,7.4,8.9,47.6
2021/6/17 2:59,8.4,7.4,9.1,45.7
2021/6/17 3:14,8.4,7.3,8.5,46.4
2021/6/17 3:29,8.4,7.4,8.7,46.4
2021/6/17 3:44,8.4,7.4,8.4,46.1
2021/6/17 3:59,8.4,7.4,9.2,47
2021/6/17 4:14,8.5,7.5,9,46.3
2021/6/17 4:29,8.3,7.4,8.1,45.7
2021/6/17 4:44,8.4,7.3,8.5,45.4
2021/6/17 4:59,8.3,7.4,7.8,45.2
2021/6/17 5:14,8.3,7.4,8.1,44.5
2021/6/17 5:29,8.3,7.2,7.8,44.2
2021/6/17 5:44,8.3,7.1,7.7,44.3
2021/6/17 5:59,8.6,7.2,7.8,43.9
2021/6/17 6:14,8.7,7.2,7.9,43.1
2021/6/17 6:29,8.6,7.2,7.8,44.5
2021/6/17 6:44,8.5,7.2,7.5,43.5
2021/6/17 6:59,8.6,7.2,7.2,43.3
2021/6/17 7:14,8.6,7.1,7.4,42.9
2021/6/17 7:29,8.6,7.1,7.6,44.1
2021/6/17 7:44,8.6,7.2,7.8,42.7
2021/6/17 7:59,8.5,7.1,7.4,43.2
2021/6/17 8:14,8.5,7.2,7.2,42.4
2021/6/17 8:29,8.6,7.2,7.3,42.7
2021/6/17 8:44,8.6,7.1,7,42.2
2021/6/17 8:59,8.7,7.2,7.2,43.7
2021/6/17 9:14,8.5,7.1,7.1,43.3
2021/6/17 9:29,8.6,7.1,7.2,44
2021/6/17 9:44,8.6,7.1,7.1,42.8
2021/6/17 9:59,8.5,7.2,7.1,43.6
2021/6/17 10:14,8.6,7.2,7.4,42.9
2021/6/17 10:29,8.6,7.1,7.2,45.1
2021/6/17 10:44,8.9,7.3,7.5,44.2
2021/6/17 10:59,8.8,7.2,7.6,45.5
2021/6/17 11:14,8.7,7.2,7.6,45.3
2021/6/17 11:29,8.3,7.2,7.4,46.5
2021/6/17 11:44,8.4,7.1,8,44.9
2021/6/17 11:59,8.5,7.2,7.5,45.6
2021/6/17 12:14,8.4,7.2,7.9,46.3
2021/6/17 12:29,8.3,7.1,7.8,47
2021/6/17 12:44,8.3,7.1,7.7,46.1
2021/6/17 12:59,8.4,7.1,8.5,46.8
2021/6/17 13:14,8.4,7.2,8.6,46.4
2021/6/17 13:29,8.4,7.2,8.4,47.6
2021/6/17 13:44,8.5,7.2,8.6,47.5
2021/6/17 13:59,8.2,7.3,8.6,46.6
2021/6/17 14:14,8.4,7.2,8.8,46.6
2021/6/17 14:29,8.5,7.2,9.1,46.6
2021/6/17 14:44,8.4,7.2,9.5,46.7
2021/6/17 14:59,8.3,7.2,8.5,45.9
2021/6/17 15:14,8.3,7.3,8.9,45.8
2021/6/17 15:29,8.3,7.2,9.4,45.9
2021/6/17 15:44,8.2,7.3,8.8,47.2
2021/6/17 15:59,8.2,7.2,8.9,45.1
2021/6/17 16:14,8.3,7.2,9,46
2021/6/17 16:29,8.4,7.3,8.8,48
2021/6/17 16:44,8.4,7.3,9.3,46.3
2021/6/17 16:59,8.1,7.3,8.9,47.3
2021/6/17 17:14,8.1,7.5,9.6,48.2
2021/6/17 17:29,8,7.5,9.3,47.6
2021/6/17 17:44,8.2,7.3,9.2,47.7
2021/6/17 17:59,8.2,7.4,9.1,47.6
2021/6/17 18:14,8.1,7.5,9.3,47.8
2021/6/17 18:29,8.1,7.5,9.4,47.1
2021/6/17 18:44,8.1,7.4,9.7,46.9
2021/6/17 18:59,8,7.4,10,47.1
2021/6/17 19:14,8.3,7.6,9.4,47.3
2021/6/17 19:29,8.5,7.6,9.4,48.3
2021/6/17 19:44,8.5,7.6,9.1,49.1
2021/6/17 19:59,8.6,7.4,8.6,46.2
2021/6/17 20:14,8.6,7.5,9,47.1
2021/6/17 20:29,8.6,7.5,10,46.5
2021/6/17 20:44,8.6,7.7,9.3,48.3
2021/6/17 20:59,8.4,7.5,9.1,48.6
2021/6/17 21:14,8.5,7.4,9.5,47.1
2021/6/17 21:29,8.5,7.4,9.5,47
2021/6/17 21:44,8.5,7.4,8.9,47.4
2021/6/17 21:59,8.4,7.5,9.2,47.2
2021/6/17 22:14,8.4,7.6,9,46.7
2021/6/17 22:29,8.4,7.5,8.9,47.9
2021/6/17 22:44,8.5,7.4,8.4,46.9
2021/6/17 22:59,8.4,7.5,8.7,48.1
2021/6/17 23:14,8.5,7.4,8.9,47.9
2021/6/17 23:29,8.5,7.4,8.7,48.1
2021/6/17 23:44,8.5,7.4,9,48.3
2021/6/17 23:59,8.4,7.5,8.7,49.1
2021/6/18 0:14,8.5,7.4,8.6,46.1
2021/6/18 0:29,8.5,7.5,8.8,44.8
2021/6/18 0:44,8.4,7.4,8.6,46.3
2021/6/18 0:59,8.3,7.5,8.9,48.4
2021/6/18 1:14,8.1,7.5,9.1,47.1
2021/6/18 1:29,8.2,7.4,8.8,46.2
2021/6/18 1:44,8.4,7.5,9.1,47.3
2021/6/18 1:59,8.4,7.5,9,47.3
2021/6/18 2:14,8.4,7.4,9.6,45.6
2021/6/18 2:29,8.4,7.4,9.1,47.1
2021/6/18 2:44,8.3,7.3,8.8,47.8
2021/6/18 2:59,8.3,7.3,8.8,47.7
2021/6/18 3:14,8.3,7.4,8.3,46.6
2021/6/18 3:29,8.3,7.4,8.5,46.2
2021/6/18 3:44,8.2,7.3,9,47.6
2021/6/18 3:59,8.4,7.3,8.8,47.3
2021/6/18 4:14,8.3,7.3,9,48
2021/6/18 4:29,8.3,7.5,9.8,47.1
2021/6/18 4:44,8.3,7.3,9.1,45.3
2021/6/18 4:59,8.4,7.2,8.5,45.8
2021/6/18 5:14,8.5,7.2,7.9,44.6
2021/6/18 5:29,8.4,7.3,8.1,46.7
2021/6/18 5:44,8.4,7.2,7.8,44.8
2021/6/18 5:59,8.4,7.2,7.9,44.5
2021/6/18 6:14,8.3,7.3,8.6,45.4
2021/6/18 6:29,8.5,7.2,7.4,43.8
2021/6/18 6:44,8.5,7.2,7.8,44.2
2021/6/18 6:59,8.3,7.2,7.5,44.1
2021/6/18 7:14,8.3,7.1,7.3,43.9
2021/6/18 7:29,8.4,7.1,7.2,44.3
2021/6/18 7:44,8.5,7.2,7.4,44
2021/6/18 7:59,8.1,7.2,7.2,44.3
2021/6/18 8:14,8.3,7.2,7.3,44.3
2021/6/18 8:29,8.3,7.1,7.2,44
2021/6/18 8:44,8.4,7,7.2,43.9
2021/6/18 8:59,8.3,7.1,7.1,43.6
2021/6/18 9:14,8.2,7.1,7.3,43.7
2021/6/18 9:29,8.4,7.2,7.3,43.4
2021/6/18 9:44,8.2,7.2,7.4,44.2
2021/6/18 9:59,8.4,7.1,7.2,44.2
2021/6/18 10:14,8.7,7.2,7.2,45
2021/6/18 10:29,8.6,7.2,7.5,44.6
2021/6/18 10:44,8.5,7.1,7.7,44.9
2021/6/18 10:59,8.8,7.2,8.2,44.6
2021/6/18 11:14,8.9,7.2,8.3,46.5
2021/6/18 11:29,8.7,7.2,8.4,46
2021/6/18 11:44,8.6,7.3,8,45.9
2021/6/18 11:59,8.8,7.3,8,47.5
2021/6/18 12:14,8.8,7.3,7.8,46.8
2021/6/18 12:29,8.8,7.2,8,45.6
2021/6/18 12:44,8.8,7.4,8.2,46
2021/6/18 12:59,8.8,7.2,8.1,46.9
2021/6/18 13:14,8.8,7.4,8,46.4
2021/6/18 13:29,8.8,7.3,8.3,46.6
2021/6/18 13:44,8.7,7.3,8.1,47.4
2021/6/18 13:59,8.7,7.4,8.2,47
2021/6/18 14:14,8.8,7.3,8.3,47.8
2021/6/18 14:29,8.8,7.3,8.5,47.9
2021/6/18 14:44,8.8,7.2,8.4,47.7
2021/6/18 14:59,8.8,7.3,8.8,47.6
2021/6/18 15:14,8.7,7.3,8.5,46.2
2021/6/18 15:29,8.7,7.1,8.3,47.2
2021/6/18 15:44,8.6,7.2,8.3,45.8
2021/6/18 15:59,8.6,7.3,8.8,47
2021/6/18 16:14,8.7,7.2,8.6,47.7
2021/6/18 16:29,8.8,7.4,8.8,48
2021/6/18 16:44,8.6,7.3,8.7,46.7
2021/6/18 16:59,8.8,7.3,8.6,47
2021/6/18 17:14,8.6,7.4,8.7,46.2
2021/6/18 17:29,8.7,7.2,7.9,47.3
2021/6/18 17:44,8.6,7.2,8.5,47.3
2021/6/18 17:59,8.6,7.3,8.1,47
2021/6/18 18:14,8.5,7.2,8.3,46.9
2021/6/18 18:29,8.6,7.2,8.5,47.5
2021/6/18 18:44,8.5,7.3,8.1,47.9
2021/6/18 18:59,8.6,7.3,8.4,47.1
2021/6/18 19:14,8.6,7.2,8.2,47.2
2021/6/18 19:29,8.5,7.4,8.6,48.3
2021/6/18 19:44,8.6,7.3,8.8,47.3
2021/6/18 19:59,8.5,7.3,9.4,47.1
2021/6/18 20:14,8.7,7.3,8.7,46.9
2021/6/18 20:29,8.6,7.3,9.3,47.1
2021/6/18 20:44,8.6,7.4,9.5,47.1
2021/6/18 20:59,8.6,7.4,8.8,48.4
2021/6/18 21:14,8.5,7.4,8.9,49.5
2021/6/18 21:29,8.5,7.4,8.5,48
2021/6/18 21:44,8.5,7.4,9.5,48.4
2021/6/18 21:59,8.5,7.5,9.4,49.2
2021/6/18 22:14,8.6,7.5,9,47.7
2021/6/18 22:29,8.5,7.4,8.8,47.5
2021/6/18 22:44,8.7,7.3,8.9,48.3
2021/6/18 22:59,8.7,7.2,9.1,48.7
2021/6/18 23:14,8.7,7.4,8.8,47
2021/6/18 23:29,8.8,7.4,8.4,47.6
2021/6/18 23:44,8.7,7.3,8.7,48.5
2021/6/18 23:59,8.6,7.3,8.5,46.6
2021/6/19 0:14,8.6,7.4,8.3,47.6
2021/6/19 0:29,8.7,7.5,9.1,47.2
2021/6/19 0:44,8.7,7.4,9,47.4
2021/6/19 0:59,8.6,7.3,8.6,45.1
2021/6/19 1:14,8.7,7.4,8.7,47.5
2021/6/19 1:29,8.6,7.3,8.1,47
2021/6/19 1:44,8.5,7.2,8.6,48.2
2021/6/19 1:59,8.6,7.3,8.7,45.9
2021/6/19 2:14,8.6,7.2,9.1,46.4
2021/6/19 2:29,8.5,7.3,8.3,47
2021/6/19 2:44,8.6,7.3,8.1,47.2
2021/6/19 2:59,8.5,7.3,8.2,45.7
2021/6/19 3:14,8.5,7.3,8,47.9
2021/6/19 3:29,8.6,7.3,9.1,46.9
2021/6/19 3:44,8.3,7.3,8.8,46.1
2021/6/19 3:59,8.3,7.2,8.6,46.7
2021/6/19 4:14,8.4,7.2,8,46.9
2021/6/19 4:29,8.4,7.2,7.8,46.4
2021/6/19 4:44,8.4,7.1,8.2,45
2021/6/19 4:59,8.4,7.3,8,45.9
2021/6/19 5:14,8.4,7.2,8,45.4
2021/6/19 5:29,8.4,7.2,7.8,44.9
2021/6/19 5:44,8.4,7.2,7.8,44.8
2021/6/19 5:59,8.3,7.2,7.6,46.1
2021/6/19 6:14,8.4,7.2,7.5,44.5
2021/6/19 6:29,8.4,7.2,8.2,45.5
2021/6/19 6:44,8.4,7.2,7.5,45.4
2021/6/19 6:59,8.5,7.2,7.5,44.8
2021/6/19 7:14,8.5,7.2,7.6,44.9
2021/6/19 7:29,8.3,7.2,7.5,45.1
2021/6/19 7:44,8.4,7.1,7.5,43.6
2021/6/19 7:59,8.4,7.2,7.4,43.9
2021/6/19 8:14,8.6,7.1,7.5,45
2021/6/19 8:29,8.4,7.2,7.4,43.2
2021/6/19 8:44,8.5,7.2,7.1,43.8
2021/6/19 8:59,8.5,7.1,7.4,43.9
2021/6/19 9:14,8.5,7.2,7.4,43.4
2021/6/19 9:29,8.5,7.1,7.2,43.4
2021/6/19 9:44,8.7,7.1,7.3,43.8
2021/6/19 9:59,8.5,7.1,7.5,44.5
2021/6/19 10:14,8.4,7.1,7.5,44.2
2021/6/19 10:29,8.6,7.2,7.2,44.5
2021/6/19 10:44,8.4,7,7.3,45.4
2021/6/19 10:59,8.5,7.1,7.7,44.7
2021/6/19 11:14,8.6,7.3,7.8,45.5
2021/6/19 11:29,8.6,7.3,7.9,45.1
2021/6/19 11:44,8.9,7.3,7.7,44.6
2021/6/19 11:59,8.7,7.2,7.8,46
2021/6/19 12:14,8.8,7.2,7.7,45.2
2021/6/19 12:29,8.5,7.3,7.5,46.6
2021/6/19 12:44,8.5,7.2,7.6,46.1
2021/6/19 12:59,8.7,7.2,7.7,46.4
2021/6/19 13:14,8.8,7.3,8,46.5
2021/6/19 13:29,8.7,7.3,7.6,46.7
2021/6/19 13:44,8.7,7.3,8.3,45.8
2021/6/19 13:59,8.8,7.2,8.3,46.6
2021/6/19 14:14,8.9,7.4,7.8,46.5
2021/6/19 14:29,8.8,7.3,8.5,47.5
2021/6/19 14:44,8.6,7.3,8.5,45.7
2021/6/19 14:59,8.7,7.3,8.3,47.2
2021/6/19 15:14,8.7,7.3,8.1,46.4
2021/6/19 15:29,8.6,7.2,8.2,47.5
2021/6/19 15:44,8.7,7.2,8.8,47.8
2021/6/19 15:59,8.6,7.2,8.4,45.5
2021/6/19 16:14,8.7,7.3,8.9,47.9
2021/6/19 16:29,8.7,7.3,8.5,45.9
2021/6/19 16:44,8.8,7.2,9.1,47.8
2021/6/19 16:59,8.8,7.3,8.9,47.9
2021/6/19 17:14,8.9,7.3,8.7,47.3
2021/6/19 17:29,9,7.3,8.3,47.2
2021/6/19 17:44,9,7.2,8.2,46.9
2021/6/19 17:59,8.9,7.3,8.6,46.8
2021/6/19 18:14,8.8,7.2,8.2,46
2021/6/19 18:29,8.8,7.3,8.7,46.2
2021/6/19 18:44,8.8,7.2,8.9,46.6
2021/6/19 18:59,8.9,7.3,8.5,46.1
2021/6/19 19:14,8.7,7.3,8.5,48.5
2021/6/19 19:29,8.8,7.3,8.7,47.9
2021/6/19 19:44,8.8,7.3,9.5,49.1
2021/6/19 19:59,8.8,7.3,8,46.5
2021/6/19 20:14,8.6,7.4,8.2,47.4
2021/6/19 20:29,8.8,7.3,8,47.3
2021/6/19 20:44,8.7,7.2,8,47.6
2021/6/19 20:59,8.8,7.4,8.5,46.9
2021/6/19 21:14,8.7,7.4,8.4,48.3
2021/6/19 21:29,8.9,7.4,8.4,47.1
2021/6/19 21:44,8.7,7.2,8.2,47.4
2021/6/19 21:59,8.7,7.3,9.1,48.7
2021/6/19 22:14,8.7,7.3,7.9,46.6
2021/6/19 22:29,8.6,7.2,7.5,45.4
2021/6/19 22:44,8.7,7.2,7.5,44.9
2021/6/19 22:59,8.8,7.2,7.6,42.9
2021/6/19 23:14,8.7,7.2,7.3,44.7
2021/6/19 23:29,8.7,7.4,8.3,46.4
2021/6/19 23:44,8.6,7.4,8.5,47
2021/6/19 23:59,8.4,7.3,8.5,46.7
2021/6/20 0:14,8.6,7.5,8.8,47.3
2021/6/20 0:29,8.6,7.2,8.6,47.8
2021/6/20 0:44,8.4,7.3,7.8,45.9
2021/6/20 0:59,8.4,7.4,8.8,46.3
2021/6/20 1:14,8.3,7.5,9,47.3
2021/6/20 1:29,8.2,7.4,9.1,47.8
2021/6/20 1:44,8.3,7.5,8.8,47
2021/6/20 1:59,8.5,7.3,8.3,47.3
2021/6/20 2:14,8.4,7.4,8.5,45.9
2021/6/20 2:29,8.7,7.4,8.4,47.2
2021/6/20 2:44,8.6,7.3,8,46.2
2021/6/20 2:59,8.6,7.4,8.5,47.7
2021/6/20 3:14,8.7,7.4,9,46.6
2021/6/20 3:29,8.7,7.4,8.3,46.3
2021/6/20 3:44,8.2,7.3,8.4,47.6
2021/6/20 3:59,8.3,7.3,8.2,48.8
2021/6/20 4:14,8.3,7.5,8.5,49
2021/6/20 4:29,8.5,7.4,8.5,49.1
2021/6/20 4:44,8.4,7.3,8,47.5
2021/6/20 4:59,8.7,7.2,8.1,46.6
2021/6/20 5:14,8.6,7.2,8.1,47.2
2021/6/20 5:29,8.5,7.2,7.7,47
2021/6/20 5:44,8.7,7.3,8.3,46.4
2021/6/20 5:59,8.6,7.2,7.7,46.6
2021/6/20 6:14,8.7,7.1,7.6,45.2
2021/6/20 6:29,8.7,7.1,7.8,46.9
2021/6/20 6:44,8.7,7.2,7.6,44.6
2021/6/20 6:59,8.7,7.2,7.9,44.8
2021/6/20 7:14,8.8,7.2,7.8,43.5
2021/6/20 7:29,8.7,7.1,7.6,43.9
2021/6/20 7:44,8.7,7.1,7.7,44.3
2021/6/20 7:59,8.8,7.2,7.6,44.4
2021/6/20 8:14,8.6,7.2,7.7,45.1
2021/6/20 8:29,8.6,7.2,7.7,44.8
2021/6/20 8:44,8.7,7.3,7.7,44.8
2021/6/20 8:59,8.5,7.1,7.8,44.7
2021/6/20 9:14,8.9,7.1,7.7,43.2
2021/6/20 9:29,8.7,7.1,7.7,43.6
2021/6/20 9:44,8.8,7.2,7.7,43.6
2021/6/20 9:59,8.6,7.2,7.5,43.4
2021/6/20 10:14,8.8,7.2,7.5,43.3
2021/6/20 10:29,8.6,7.1,7.3,43.1
2021/6/20 10:44,8.7,7.1,7.6,43.4
2021/6/20 10:59,8.7,7.2,7.5,43.7
2021/6/20 11:14,8.8,7.2,7.8,45.2
2021/6/20 11:29,8.8,7.2,7.8,45.4
2021/6/20 11:44,8.6,7.2,8.1,46.8
2021/6/20 11:59,8.9,7.2,7.6,44.7
2021/6/20 12:14,8.9,7.1,8.1,45.6
2021/6/20 12:29,8.6,7.2,7.9,46.4
2021/6/20 12:44,8.7,7.3,8.7,46.3
2021/6/20 12:59,8.8,7.3,8.3,45.4
2021/6/20 13:14,8.7,7.2,8.4,46.1
2021/6/20 13:29,8.8,7.2,8,46.6
2021/6/20 13:44,8.9,7.4,8.5,46.3
2021/6/20 13:59,8.9,7.3,8.8,46.8
2021/6/20 14:14,8.6,7.4,8.6,47.8
2021/6/20 14:29,8.9,7.5,8.5,45.9
2021/6/20 14:44,8.9,7.4,8.5,47.2
2021/6/20 14:59,9,7.3,8.8,46
2021/6/20 15:14,9,7.6,8.4,46.1
2021/6/20 15:29,8.7,7.6,8.7,48.3
2021/6/20 15:44,8.9,7.5,8.7,47
2021/6/20 15:59,9,7.3,8.8,46.6
2021/6/20 16:14,9,7.5,9,47
2021/6/20 16:29,9,7.4,9,47.5
2021/6/20 16:44,9,7.6,9.5,47.1
2021/6/20 16:59,8.8,7.5,8.8,47.1
2021/6/20 17:14,8.8,7.5,9.2,46.9
2021/6/20 17:29,8.9,7.5,8.9,47.3
2021/6/20 17:44,9.1,7.6,8.7,46.7
2021/6/20 17:59,9.3,7.4,8.7,47
2021/6/20 18:14,9.2,7.5,8.7,47
2021/6/20 18:29,9.3,7.5,8.6,46.3
2021/6/20 18:44,9,7.6,9,47.8
2021/6/20 18:59,8.8,7.4,8.8,47.5
2021/6/20 19:14,9,7.5,9.3,46.4
2021/6/20 19:29,9,7.4,8.8,46.4
2021/6/20 19:44,9,7.5,8.7,46.5
2021/6/20 19:59,9,7.4,9.2,47
2021/6/20 20:14,9.1,7.4,8.9,47.5
2021/6/20 20:29,9.1,7.4,8.8,46.6
2021/6/20 20:44,9,7.4,9.1,47.8
2021/6/20 20:59,8.9,7.4,8.7,48.2
2021/6/20 21:14,9.1,7.5,8.5,48.3
2021/6/20 21:29,9,7.4,8.7,48.6
2021/6/20 21:44,9.1,7.6,9.1,49.4
2021/6/20 21:59,9,7.5,9.5,48
2021/6/20 22:14,9.1,7.6,9.2,47.3
2021/6/20 22:29,8.8,7.6,9.3,46.2
2021/6/20 22:44,8.7,7.6,8.8,48.1
2021/6/20 22:59,8.6,7.5,9.1,47.8
2021/6/20 23:14,8.9,7.6,8.6,48.4
2021/6/20 23:29,8.8,7.8,8.8,48.2
2021/6/20 23:44,8.7,7.7,9.5,47.1
2021/6/20 23:59,8.9,7.5,8.9,47.3
2021/6/21 0:14,8.7,7.6,8.4,46.7
2021/6/21 0:29,8.5,7.6,8.8,47.7
2021/6/21 0:44,8.6,7.4,8.5,46.7
2021/6/21 0:59,8.6,7.5,9,47.1
2021/6/21 1:14,8.7,7.4,8.4,46.8
2021/6/21 1:29,8.5,7.5,9.2,48.7
2021/6/21 1:44,8.6,7.5,9.2,47.8
2021/6/21 1:59,8.4,7.5,8.9,47.1
2021/6/21 2:14,8.7,7.5,9.5,46.4
2021/6/21 2:29,8.6,7.5,8.7,46.6
2021/6/21 2:44,8.7,7.4,9.3,48.1
2021/6/21 2:59,8.7,7.3,9.3,46.7
2021/6/21 3:14,8.9,7.4,9.1,48
2021/6/21 3:29,8.6,7.5,9.2,46.7
2021/6/21 3:44,8.6,7.4,9.1,46.9
2021/6/21 3:59,8.4,7.4,9.1,46.7
2021/6/21 4:14,8.4,7.5,8.9,46.1
2021/6/21 4:29,8.8,7.4,8.8,44.7
2021/6/21 4:44,8.5,7.3,9,45.8
2021/6/21 4:59,8.5,7.3,8.4,46.1
2021/6/21 5:14,8.4,7.3,8.9,47.7
2021/6/21 5:29,8.5,7.4,8.3,45.8
2021/6/21 5:44,8.5,7.3,8.5,44.1
2021/6/21 5:59,8.8,7.3,8.5,45.5
2021/6/21 6:14,8.5,7.2,8,44.8
2021/6/21 6:29,8.6,7.3,7.9,44.6
2021/6/21 6:44,8.7,7.1,7.6,44.9
2021/6/21 6:59,8.7,7.1,7.6,45.5
2021/6/21 7:14,8.9,7.1,7.5,44.6
2021/6/21 7:29,8.6,7.1,7.8,43.4
2021/6/21 7:44,8.3,7.1,7.4,43.9
2021/6/21 7:59,8,7.2,7.9,44.5
2021/6/21 8:14,8.3,7.2,7.6,44.7
2021/6/21 8:29,8.4,7.1,7.5,43.5
2021/6/21 8:44,8.5,7.1,7.7,43.2
2021/6/21 8:59,8.2,7.1,7.7,44.2
2021/6/21 9:14,8.1,7.2,7.6,43.3
2021/6/21 9:29,8.3,7.2,7.4,43.6
2021/6/21 9:44,8.5,7.2,7.6,44.3
2021/6/21 9:59,8.4,7.1,7.8,44.2
2021/6/21 10:14,8.6,7.2,7.8,44.2
2021/6/21 10:29,8.6,7.2,8.3,43.3
2021/6/21 10:44,8.6,7.3,8.9,45.5
2021/6/21 10:59,8.8,7.3,7.9,47.3
2021/6/21 11:14,8.6,7.4,8.7,45.7
2021/6/21 11:29,8.7,7.4,8.8,45
2021/6/21 11:44,8.8,7.3,8.7,45
2021/6/21 11:59,8.9,7.4,8,45.8
2021/6/21 12:14,8.9,7.6,8.5,45.6
2021/6/21 12:29,8.8,7.4,8.6,46.1
2021/6/21 12:44,9,7.4,9.2,47.8
2021/6/21 12:59,8.8,7.5,8.7,48.5
2021/6/21 13:14,8.8,7.4,8.7,47.8
2021/6/21 13:29,8.8,7.4,9,47.5
2021/6/21 13:44,8.9,7.4,8.4,47.5
2021/6/21 13:59,8.9,7.5,9.1,46.6
2021/6/21 14:14,8.9,7.5,8.8,46.9
2021/6/21 14:29,8.8,7.6,9.1,47.7
2021/6/21 14:44,8.6,7.4,8.9,47.5
2021/6/21 14:59,8.5,7.4,8.5,47.8
2021/6/21 15:14,8.7,7.5,9.2,47.7
2021/6/21 15:29,8.7,7.5,9,47.9
2021/6/21 15:44,8.5,7.6,9.1,46.4
2021/6/21 15:59,8.7,7.4,9,45.9
2021/6/21 16:14,8.5,7.5,9.5,45.8
2021/6/21 16:29,8.6,7.7,9.5,47
2021/6/21 16:44,8.6,7.4,8.8,47.5
2021/6/21 16:59,8.5,7.5,9.4,47.1
2021/6/21 17:14,8.5,7.5,8.9,47.2
2021/6/21 17:29,8.5,7.5,9.6,47.4
2021/6/21 17:44,8.6,7.6,9.4,47.5
2021/6/21 17:59,8.7,7.4,8.7,46.8
2021/6/21 18:14,8.6,7.5,9.1,47.5
2021/6/21 18:29,8.6,7.6,9.5,47.2
2021/6/21 18:44,8.5,7.7,9.1,48.3
2021/6/21 18:59,8.5,7.5,9.4,46.2
2021/6/21 19:14,8.6,7.5,9.4,48.2
2021/6/21 19:29,8.7,7.6,9.4,48.1
2021/6/21 19:44,8.6,7.5,9.2,47
2021/6/21 19:59,8.8,7.4,9.2,47.6
2021/6/21 20:14,8.7,7.6,8.7,47.1
2021/6/21 20:29,8.6,7.5,9.2,48.1
2021/6/21 20:44,8.7,7.7,9.4,47.6
2021/6/21 20:59,8.5,7.6,9.4,47.4
2021/6/21 21:14,8.5,7.6,8.9,47.4
2021/6/21 21:29,8.6,7.5,9.4,48.7
2021/6/21 21:44,8.5,7.9,9.6,48.1
2021/6/21 21:59,8.6,7.7,9.7,47.7
2021/6/21 22:14,8.6,7.9,9.9,47.6
2021/6/21 22:29,8.4,7.5,9.5,47.5
2021/6/21 22:44,8.8,7.7,9.1,48.4
2021/6/21 22:59,8.4,7.5,9.1,47.8
2021/6/21 23:14,8.5,7.6,9.2,48
2021/6/21 23:29,8.6,7.5,9.2,48.9
2021/6/21 23:44,8.4,7.6,9.5,47.9
2021/6/21 23:59,8.3,7.8,9.4,48.2
2021/6/22 0:14,8.3,7.6,9.2,48.6
2021/6/22 0:29,8.4,7.5,9.1,46.8
2021/6/22 0:44,8.3,7.6,9.1,48
2021/6/22 0:59,8.2,7.7,9.2,47.3
2021/6/22 1:14,8.2,7.8,9,47.8
2021/6/22 1:29,8.3,7.5,9.1,47
2021/6/22 1:44,8.3,7.5,9.2,47.6
2021/6/22 1:59,8.1,7.5,9.5,46.7
2021/6/22 2:14,8.2,7.4,8.9,47
2021/6/22 2:29,8.3,7.5,8.7,48.4
2021/6/22 2:44,8.2,7.5,8.6,48.1
2021/6/22 2:59,8.1,7.5,9.2,48.9
2021/6/22 3:14,8.2,7.5,8.9,48.9
2021/6/22 3:29,8.2,7.4,8.9,49.4
2021/6/22 3:44,8.1,7.4,8.2,46.9
2021/6/22 3:59,8.3,7.3,8.3,48
2021/6/22 4:14,8.2,7.3,8.2,47.4
2021/6/22 4:29,8.1,7.4,8.3,46.4
2021/6/22 4:44,8.1,7.4,8.5,45.7
2021/6/22 4:59,8.1,7.4,8.4,46.6
2021/6/22 5:14,7.9,7.2,8.5,45.8
2021/6/22 5:29,8.1,7.3,8,45.9
2021/6/22 5:44,8.3,7.2,8.1,45
2021/6/22 5:59,8.2,7.2,7.9,45.2
2021/6/22 6:14,8.1,7.3,7.4,44.9
2021/6/22 6:29,8.1,7.2,7.7,47
2021/6/22 6:44,8,7.1,7.5,44.8
2021/6/22 6:59,8.1,7.1,7.5,43.2
2021/6/22 7:14,8.4,7.1,7.5,45.5
2021/6/22 7:29,8.2,7.2,7.7,44.8
2021/6/22 7:44,8.2,7.1,7.6,46.3
2021/6/22 7:59,8.2,7.1,7.3,44.9
2021/6/22 8:14,8.3,7,7.4,44.9
2021/6/22 8:29,8.1,7.1,7.5,43.8
2021/6/22 8:44,8.5,7.1,7.6,43.3
2021/6/22 8:59,8.5,7.2,7.5,43.5
2021/6/22 9:14,8.3,7.1,7.5,44
2021/6/22 9:29,8.5,7.1,7.4,44.2
2021/6/22 9:44,8.4,7.1,7.7,43.8
2021/6/22 9:59,8.5,7.3,8,44.9
2021/6/22 10:14,8.4,7.2,7.5,44.1
2021/6/22 10:29,8.4,7.2,7.4,45.2
2021/6/22 10:44,8.5,7.2,7.8,45.4
2021/6/22 10:59,8.6,7.2,7.8,45.6
2021/6/22 11:14,8.9,7.2,7.9,44.7
2021/6/22 11:29,8.5,7.3,7.8,44.5
2021/6/22 11:44,8.6,7.3,8.4,46.8
2021/6/22 11:59,8.6,7.3,8,46.7
2021/6/22 12:14,8.7,7.3,8.3,46.7
2021/6/22 12:29,8.5,7.3,8.9,46.8
2021/6/22 12:44,8.6,7.4,9.1,47.1
2021/6/22 12:59,8.5,7.3,8.5,46.9
2021/6/22 13:14,8.6,7.3,8.3,46.4
2021/6/22 13:29,8.7,7.4,8.4,46.4
2021/6/22 13:44,8.6,7.4,8.6,47.9
2021/6/22 13:59,8.6,7.5,8.8,47.1
2021/6/22 14:14,8.5,7.5,8.7,46.7
2021/6/22 14:29,8.8,7.5,9,46.7
2021/6/22 14:44,8.6,7.5,9,46.7
2021/6/22 14:59,8.7,7.6,8.9,47.4
2021/6/22 15:14,8.7,7.5,8.7,45.7
2021/6/22 15:29,8.6,7.5,8.8,46.8
2021/6/22 15:44,8.5,7.4,8.7,47.7
2021/6/22 15:59,8.7,7.3,8.6,46.7
2021/6/22 16:14,8.7,7.6,8.5,48.7
2021/6/22 16:29,8.5,7.4,8.8,47.8
2021/6/22 16:44,8.5,7.3,8.6,47.2
2021/6/22 16:59,8.5,7.3,8.6,48.3
2021/6/22 17:14,8.6,7.6,9,46.4
2021/6/22 17:29,8.6,7.3,8.5,47.3
2021/6/22 17:44,8.5,7.4,8.8,47.8
2021/6/22 17:59,8.7,7.6,9,48.4
2021/6/22 18:14,8.5,7.6,8.9,47.3
2021/6/22 18:29,8.6,7.5,9.2,48
2021/6/22 18:44,8.6,7.4,8.8,46.3
2021/6/22 18:59,8.7,7.5,9.1,48.7
2021/6/22 19:14,8.7,7.3,9.1,48.2
2021/6/22 19:29,8.7,7.6,9.1,48.3
2021/6/22 19:44,8.7,7.5,9,47.6
2021/6/22 19:59,8.7,7.8,9.8,48.7
2021/6/22 20:14,8.6,7.7,9.7,46.6
2021/6/22 20:29,8.7,7.4,9.3,48.3
2021/6/22 20:44,8.7,7.4,9.1,47.5
2021/6/22 20:59,8.8,7.6,9.5,47.4
2021/6/22 21:14,8.8,7.8,9.5,48.2
2021/6/22 21:29,8.7,7.6,9.5,48.4
2021/6/22 21:44,8.6,7.6,9.4,49.7
2021/6/22 21:59,8.8,7.8,9.5,49.5
2021/6/22 22:14,8.8,7.9,9.7,49.9
2021/6/22 22:29,8.8,7.7,9.2,49.7
2021/6/22 22:44,8.6,7.9,9.6,49.6
2021/6/22 22:59,8.7,7.9,9.8,47.6
2021/6/22 23:14,8.9,7.8,9.2,48.7
2021/6/22 23:29,8.8,7.6,9,48.4
2021/6/22 23:44,8.6,7.6,9,47.7
2021/6/22 23:59,8.8,7.6,9.2,48.6
2021/6/23 0:14,8.7,7.5,8.4,48.1
2021/6/23 0:29,8.5,7.5,9.1,48.6
2021/6/23 0:44,8.3,7.6,8.3,48.1
2021/6/23 0:59,8.4,7.5,9,48.1
2021/6/23 1:14,8.4,7.7,8.9,48.1
2021/6/23 1:29,8.5,7.7,9.1,48.7
2021/6/23 1:44,8.8,7.8,8.9,47.8
2021/6/23 1:59,8.7,7.7,9.2,47.6
2021/6/23 2:14,8.6,7.8,9,47.4
2021/6/23 2:29,8.7,7.8,9.3,47.1
2021/6/23 2:44,8.5,7.5,9,48.3
2021/6/23 2:59,8.5,7.6,9.2,47.7
2021/6/23 3:14,8.5,7.6,9,47.7
2021/6/23 3:29,8.2,7.5,9,47.1
2021/6/23 3:44,8.2,7.6,9.5,46.7
2021/6/23 3:59,8.4,7.5,8.7,46.7
2021/6/23 4:14,8.4,7.5,8.9,46.6
2021/6/23 4:29,8.2,7.4,8.7,46.1
2021/6/23 4:44,8.4,7.5,8.5,46.7
2021/6/23 4:59,8.3,7.5,9.3,46.4
2021/6/23 5:14,8.3,7.3,8.3,45.2
2021/6/23 5:29,8.4,7.3,8.3,45.1
2021/6/23 5:44,8.5,7.3,8.7,44.5
2021/6/23 5:59,8.3,7.5,7.9,45.4
2021/6/23 6:14,8.3,7.2,7.9,44.2
2021/6/23 6:29,8.4,7.2,7.7,44.1
2021/6/23 6:44,8.4,7.2,7.7,43.5
2021/6/23 6:59,8.5,7.3,7.7,44.5
2021/6/23 7:14,8.5,7.4,8,44.7
2021/6/23 7:29,8.5,7.3,7.9,43.5
2021/6/23 7:44,8.2,7.1,7.7,44.3
2021/6/23 7:59,8.2,7.3,8.1,45.3
2021/6/23 8:14,8.2,7.2,7.5,44
2021/6/23 8:29,8.3,7.3,7.9,44.2
2021/6/23 8:44,8.2,7.1,7.7,44.3
2021/6/23 8:59,8.3,7.1,7.6,44.5
2021/6/23 9:14,8.7,7.2,7.7,43.2
2021/6/23 9:29,8.7,7.1,7.8,44.3
2021/6/23 9:44,8.6,7.1,7.6,43.9
2021/6/23 9:59,8.6,7.2,7.5,44.1
2021/6/23 10:14,8.6,7.2,7.7,45.1
2021/6/23 10:29,8.5,7.2,7.8,44.7
2021/6/23 10:44,8.5,7.4,7.9,44.2
2021/6/23 10:59,8.6,7.4,7.9,45.6
2021/6/23 11:14,8.6,7.5,8.5,46.5
2021/6/23 11:29,8.5,7.4,9,46.3
2021/6/23 11:44,8.6,7.5,8.9,47.3
2021/6/23 11:59,8.8,7.7,8.7,46.1
2021/6/23 12:14,8.9,7.8,9.2,46.8
2021/6/23 12:29,8.7,7.7,8.8,46.2
2021/6/23 12:44,8.7,7.6,9.2,47.2
2021/6/23 12:59,8.6,7.9,8.9,46.1
2021/6/23 13:14,8.7,7.8,10.1,47.9
2021/6/23 13:29,8.7,7.9,10.2,46.9
2021/6/23 13:44,8.8,7.9,9.7,48
2021/6/23 13:59,8.7,7.7,9.8,44.9
2021/6/23 14:14,8.6,7.8,10.4,46.3
2021/6/23 14:29,8.8,7.6,10.2,47.9
2021/6/23 14:44,8.7,7.5,9.2,46.9
2021/6/23 14:59,8.8,7.5,9.3,47.2
2021/6/23 15:14,8.6,8,10.3,46
2021/6/23 15:29,8.7,8,10.1,47.6
2021/6/23 15:44,8.8,7.6,8.9,47.8
2021/6/23 15:59,8.7,7.9,9.8,47.6
2021/6/23 16:14,8.7,7.9,10.1,48.1
2021/6/23 16:29,8.7,7.6,9.4,47.5
2021/6/23 16:44,8.6,7.5,9.3,48.9
2021/6/23 16:59,8.5,7.6,9.3,47.9
2021/6/23 17:14,8.6,7.6,9.3,47.1
2021/6/23 17:29,8.6,7.9,10.4,48.1
2021/6/23 17:44,8.6,7.8,9.9,48.1
2021/6/23 17:59,8.7,7.8,10.1,47.8
2021/6/23 18:14,8.7,8.1,10.1,48.4
2021/6/23 18:29,8.7,7.6,9.5,47.1
2021/6/23 18:44,8.6,7.7,9.7,48.3
2021/6/23 18:59,8.6,7.6,8.9,48.2
2021/6/23 19:14,8.5,7.7,9.7,47.3
2021/6/23 19:29,8.6,7.6,9.3,48.3
2021/6/23 19:44,8.6,7.8,9.3,48.4
2021/6/23 19:59,8.6,7.7,9.7,48.3
2021/6/23 20:14,8.7,7.6,9.3,48
2021/6/23 20:29,8.7,7.7,9.4,47.2
2021/6/23 20:44,8.7,7.5,9.6,48.7
2021/6/23 20:59,8.9,7.7,9.1,48.8
2021/6/23 21:14,8.7,7.6,9,47.2
2021/6/23 21:29,8.7,7.6,8.9,48.1
2021/6/23 21:44,8.7,7.7,10.2,48.3
2021/6/23 21:59,8.5,7.8,9.6,48.1
2021/6/23 22:14,8.6,7.8,9.7,49.2
2021/6/23 22:29,8.7,7.8,10.2,47.8
2021/6/23 22:44,8.7,7.7,9.9,48.7
2021/6/23 22:59,8.8,7.6,9,48.2
2021/6/23 23:14,8.8,7.7,9.9,49
2021/6/23 23:29,8.8,7.8,9.3,48.2
2021/6/23 23:44,8.8,7.5,9.1,44.8
2021/6/23 23:59,8.6,7.7,9.2,48.2
2021/6/24 0:14,8.7,7.5,9.5,47.2
2021/6/24 0:29,8.6,7.7,8.7,47.2
2021/6/24 0:44,8.6,7.5,9,47.3
2021/6/24 0:59,8.2,7.7,8.9,48.5
2021/6/24 1:14,8.4,7.6,9,47.6
2021/6/24 1:29,8.4,7.7,9,48.5
2021/6/24 1:44,8.3,7.7,8.6,47.3
2021/6/24 1:59,8.4,7.6,8.5,48.3
2021/6/24 2:14,8.4,7.7,8.9,48.4
2021/6/24 2:29,8.5,7.7,9,48
2021/6/24 2:44,8.4,7.7,9.3,47.5
2021/6/24 2:59,8.4,7.6,9.2,47.3
2021/6/24 3:14,8.3,7.6,8.8,48.2
2021/6/24 3:29,8.2,7.6,8.9,46.7
2021/6/24 3:44,8.3,7.5,8.5,48.4
2021/6/24 3:59,8.1,7.4,8.5,48.1
2021/6/24 4:14,8.2,7.4,8.7,47.1
2021/6/24 4:29,8.2,7.4,8.2,47
2021/6/24 4:44,8.1,7.3,8.2,45.7
2021/6/24 4:59,8.3,7.4,7.9,45.5
2021/6/24 5:14,8.3,7.3,7.6,44.8
2021/6/24 5:29,8.3,7.4,7.8,44.5
2021/6/24 5:44,8.2,7.3,7.8,45.6
2021/6/24 5:59,8.4,7.3,7.6,45.7
2021/6/24 6:14,8.4,7.2,7.6,44.1
2021/6/24 6:29,8.4,7.3,7.8,45.3
2021/6/24 6:44,8.3,7.2,7.4,43.7
2021/6/24 6:59,8.4,7.3,7.5,44
2021/6/24 7:14,8.3,7.3,7.7,45.2
2021/6/24 7:29,8.3,7.1,7.4,44.5
2021/6/24 7:44,8.4,7.2,7.5,45.1
2021/6/24 7:59,8.4,7.3,7.4,43.7
2021/6/24 8:14,8.2,7.1,7.4,44.3
2021/6/24 8:29,8.3,7.2,7.3,44.7
2021/6/24 8:44,8.3,7.2,7.5,44.1
2021/6/24 8:59,8.2,7.4,7.8,44.7
2021/6/24 9:14,8.3,7.2,7.5,43.6
2021/6/24 9:29,8.2,7.2,7.4,44.6
2021/6/24 9:44,8.3,7.2,7.6,43.2
2021/6/24 9:59,8.5,7.3,7.3,44.7
2021/6/24 10:14,8.5,7.3,7.5,44.8
2021/6/24 10:29,8.5,7.4,7.7,44.9
2021/6/24 10:44,8.5,7.3,7.5,45.2
2021/6/24 10:59,9.1,7.4,7.6,43.8
2021/6/24 11:14,8.4,7.4,8.1,45.1
2021/6/24 11:29,8.6,7.7,8.4,45.9
2021/6/24 11:44,8.6,7.4,8.3,46.4
2021/6/24 11:59,8.6,7.4,8.8,47.2
2021/6/24 12:14,8.7,7.5,8.8,47.8
2021/6/24 12:29,8.7,7.5,9,46.4
2021/6/24 12:44,8.7,7.7,9.5,47.6
2021/6/24 12:59,8.6,7.9,9.8,48.1
2021/6/24 13:14,8.7,8,9.8,46.9
2021/6/24 13:29,8.7,7.7,10.1,46.3
2021/6/24 13:44,8.7,7.8,10.1,47.2
2021/6/24 13:59,8.7,7.7,10.2,46.9
2021/6/24 14:14,8.7,7.8,9.7,46.8
2021/6/24 14:29,8.8,8,10,46.4
2021/6/24 14:44,8.6,8.1,10,47.8
2021/6/24 14:59,8.8,7.8,9.7,47.8
2021/6/24 15:14,8.7,7.8,9.8,46.9
2021/6/24 15:29,8.6,7.8,9.3,47.1
2021/6/24 15:44,8.6,7.8,9.4,49.1
2021/6/24 15:59,8.6,7.9,9,48.1
2021/6/24 16:14,8.6,7.7,9.4,47.8
2021/6/24 16:29,8.5,7.8,9.6,48.3
2021/6/24 16:44,8.6,7.8,9,47.7
2021/6/24 16:59,8.5,7.7,9.1,47.8
2021/6/24 17:14,8.7,7.6,9.7,47.7
2021/6/24 17:29,8.6,7.7,9.5,46.8
2021/6/24 17:44,8.6,7.7,9.6,46.2
2021/6/24 17:59,8.7,8.1,9.6,47.6
2021/6/24 18:14,8.8,7.7,9.6,48.4
2021/6/24 18:29,8.6,7.7,9,46.9
2021/6/24 18:44,8.8,7.6,9.3,47.1
2021/6/24 18:59,9,7.4,9,48.3
2021/6/24 19:14,8.8,7.8,8.7,48.2
2021/6/24 19:29,8.9,7.7,9.6,47
2021/6/24 19:44,8.9,7.7,9.1,46.3
2021/6/24 19:59,8.8,7.7,9.5,47.3
2021/6/24 20:14,8.9,7.6,9.6,46.8
2021/6/24 20:29,8.9,7.7,9.6,47.9
2021/6/24 20:44,9,7.7,9.2,47.8
2021/6/24 20:59,8.9,7.6,9.1,47.2
2021/6/24 21:14,9.2,7.7,9.4,47.3
2021/6/24 21:29,9.2,7.8,9.3,48
2021/6/24 21:44,9,7.6,9,49.2
2021/6/24 21:59,9.1,7.6,9.4,47.4
2021/6/24 22:14,9,7.6,9.4,48.2
2021/6/24 22:29,9,7.6,9.1,48.7
2021/6/24 22:44,9,7.7,8.9,48.4
2021/6/24 22:59,8.9,7.6,8.5,48.4
2021/6/24 23:14,8.9,7.6,8.7,47.6
2021/6/24 23:29,8.8,7.5,8.9,47.4
2021/6/24 23:44,8.9,7.5,9,48.4
2021/6/24 23:59,8.8,7.5,8.8,48.4
2021/6/25 0:14,8.6,7.5,9.1,48
2021/6/25 0:29,8.4,7.5,8.3,46.6
2021/6/25 0:44,8.4,7.5,8.9,47.3
2021/6/25 0:59,8.6,7.5,8.8,48.1
2021/6/25 1:14,8.5,7.5,8.5,48
2021/6/25 1:29,8.6,7.5,8.7,47.5
2021/6/25 1:44,8.7,7.5,8.2,48.1
2021/6/25 1:59,8.8,7.5,8.4,47.3
2021/6/25 2:14,8.8,7.5,8.8,46.5
2021/6/25 2:29,8.7,7.6,8.8,47.3
2021/6/25 2:44,8.8,7.6,8.7,46.8
2021/6/25 2:59,8.5,7.6,8.7,47.9
2021/6/25 3:14,8.4,7.5,8.9,48.4
2021/6/25 3:29,8.4,7.3,8.3,48.2
2021/6/25 3:44,8.4,7.6,9.3,47
2021/6/25 3:59,8.6,7.6,8.7,47.5
2021/6/25 4:14,8.5,7.5,8.7,46.8
2021/6/25 4:29,8.6,7.5,8.8,47.5
2021/6/25 4:44,8.8,7.8,9.5,46.8
2021/6/25 4:59,8.5,7.5,8.3,46.8
2021/6/25 5:14,8.7,7.5,8.5,46.3
2021/6/25 5:29,8.5,7.5,8.5,45.6
2021/6/25 5:44,8.5,7.2,8.1,45.2
2021/6/25 5:59,8.6,7.2,7.7,45.3
2021/6/25 6:14,8.6,7.3,8.1,45.1
2021/6/25 6:29,8.4,7.4,8.1,44.4
2021/6/25 6:44,8.3,7.3,7.7,46.1
2021/6/25 6:59,8.4,7.3,8.2,44.2
2021/6/25 7:14,8.3,7.2,7.7,43.8
2021/6/25 7:29,8.4,7.2,7.9,43.6
2021/6/25 7:44,8.4,7.2,7.9,44.2
2021/6/25 7:59,8.7,7.3,7.7,44
2021/6/25 8:14,8.4,7.2,7.7,43.2
2021/6/25 8:29,8.3,7.2,7.8,43.3
2021/6/25 8:44,8.4,7.2,7.9,44.1
2021/6/25 8:59,8.7,7.3,7.5,43.6
2021/6/25 9:14,8.6,7.2,8,43.6
2021/6/25 9:29,8.9,7.2,7.7,43.6
2021/6/25 9:44,8.7,7.2,7.6,43
2021/6/25 9:59,8.6,7.2,8.1,43.4
2021/6/25 10:14,8.6,7.2,7.9,45.2
2021/6/25 10:29,8.6,7.2,7.8,44.4
2021/6/25 10:44,8.8,7.2,8.3,45.5
2021/6/25 10:59,8.8,7.4,8.4,44.2
2021/6/25 11:14,8.6,7.4,8.1,46.4
2021/6/25 11:29,8.5,7.3,8.7,46.9
2021/6/25 11:44,8.4,7.3,8.2,45
2021/6/25 11:59,8.6,7.2,8.2,45.6
2021/6/25 12:14,8.6,7.3,8.4,46.9
2021/6/25 12:29,8.6,7.4,8.3,47.6
2021/6/25 12:44,8.5,7.4,8.5,46.3
2021/6/25 12:59,8.6,7.4,8.4,46.2
2021/6/25 13:14,8.7,7.4,8.5,46.5
2021/6/25 13:29,8.6,7.3,8.6,46.1
2021/6/25 13:44,8.6,7.4,8.4,46.2
2021/6/25 13:59,8.6,7.6,8.8,48.9
2021/6/25 14:14,8.6,7.6,8.4,47.5
2021/6/25 14:29,8.6,7.6,8.8,48.1
2021/6/25 14:44,8.5,7.7,8.8,47.4
2021/6/25 14:59,8.6,7.5,9.5,48.1
2021/6/25 15:14,8.6,7.4,8.9,47.2
2021/6/25 15:29,8.7,7.6,8.6,46.9
2021/6/25 15:44,8.6,7.6,8.9,47.3
2021/6/25 15:59,8.6,7.6,9.2,48.2
2021/6/25 16:14,8.6,7.6,8.8,48.1
2021/6/25 16:29,8.6,7.7,9.2,48.3
2021/6/25 16:44,8.5,7.8,8.9,48.2
2021/6/25 16:59,8.6,7.5,8.9,48
2021/6/25 17:14,8.6,7.7,9,47.5
2021/6/25 17:29,8.6,7.5,8.7,48.7
2021/6/25 17:44,8.7,7.4,8.4,46.6
2021/6/25 17:59,8.5,7.5,8.9,47
2021/6/25 18:14,8.5,7.6,8.9,48.2
2021/6/25 18:29,8.5,7.5,8.6,47.5
2021/6/25 18:44,8.5,7.5,8.4,46.8
2021/6/25 18:59,8.7,7.5,8.7,47
2021/6/25 19:14,8.7,7.5,8.4,47
2021/6/25 19:29,8.5,7.3,8.5,46.7
2021/6/25 19:44,8.6,7.6,8.3,47.1
2021/6/25 19:59,8.6,7.5,8.4,47.4
2021/6/25 20:14,8.8,7.6,8.6,46.5
2021/6/25 20:29,8.7,7.5,8.6,46
2021/6/25 20:44,8.6,7.7,8.8,47.6
2021/6/25 20:59,8.8,7.5,8.7,46.5
2021/6/25 21:14,8.7,7.6,8.9,47.7
2021/6/25 21:29,8.8,7.5,8.5,47.6
2021/6/25 21:44,8.8,7.5,8.4,47.7
2021/6/25 21:59,8.7,7.4,8.4,47.7
2021/6/25 22:14,8.7,7.4,8.7,47.7
2021/6/25 22:29,8.6,7.4,8.5,48.7
2021/6/25 22:44,8.8,7.6,8.5,47.3
2021/6/25 22:59,8.8,7.4,8.9,46.9
2021/6/25 23:14,8.7,7.6,8.9,47.5
2021/6/25 23:29,8.7,7.5,9.1,46.6
2021/6/25 23:44,8.6,7.6,8.8,46.5
2021/6/25 23:59,8.9,7.6,8.7,48.2
2021/6/26 0:14,8.8,7.3,8.7,47.5
2021/6/26 0:29,8.7,7.5,8.9,46.8
2021/6/26 0:44,8.6,7.3,8.7,46.4
2021/6/26 0:59,8.7,7.5,8,46.6
2021/6/26 1:14,8.7,7.3,8.3,45.7
2021/6/26 1:29,8.6,7.3,8.2,45.7
2021/6/26 1:44,9,7.4,8.3,46.8
2021/6/26 1:59,8.6,7.3,7.9,46
2021/6/26 2:14,8.6,7.4,8.2,46.2
2021/6/26 2:29,8.8,7.4,8.2,46.9
2021/6/26 2:44,8.3,7.4,8.4,46.7
2021/6/26 2:59,8.4,7.4,8.5,46.1
2021/6/26 3:14,8.3,7.4,8.3,46.3
2021/6/26 3:29,8.3,7.4,8.2,47.2
2021/6/26 3:44,8.4,7.4,8.6,46.7
2021/6/26 3:59,8.4,7.5,8.9,46.4
2021/6/26 4:14,8.4,7.4,8.3,47.6
2021/6/26 4:29,8.2,7.4,7.5,47
2021/6/26 4:44,8.4,7.4,8.4,45.5
2021/6/26 4:59,8.4,7.3,8.1,45.6
2021/6/26 5:14,8.3,7.3,8,46.7
2021/6/26 5:29,8.2,7.4,7.6,45.1
2021/6/26 5:44,8.3,7.3,8,45.8
2021/6/26 5:59,8.2,7.4,8,47.2
2021/6/26 6:14,8.2,7.5,8.2,47.2
2021/6/26 6:29,8.1,7.5,8.8,47.7
2021/6/26 6:44,8.2,7.5,8.1,46
2021/6/26 6:59,8.2,7.4,8.1,45.5
2021/6/26 7:14,8.2,7.4,7.7,44
2021/6/26 7:29,8.2,7.4,7.9,42.7
2021/6/26 7:44,8.2,7.3,7.7,44.5
2021/6/26 7:59,8.2,7.3,8.3,44.3
2021/6/26 8:14,8.2,7.2,7.9,44.6
2021/6/26 8:29,8.2,7.2,7.6,44.5
2021/6/26 8:44,8.3,7.1,7.5,44.5
2021/6/26 8:59,8.2,7.2,7.8,43.1
2021/6/26 9:14,8.1,7.2,7.5,45
2021/6/26 9:29,8.2,7.3,7.4,42.9
2021/6/26 9:44,8.5,7.2,7.7,43.8
2021/6/26 9:59,8.4,7.2,7.6,44
2021/6/26 10:14,8.5,7.2,7.6,43.4
2021/6/26 10:29,8.5,7.3,7.6,44.3
2021/6/26 10:44,8.7,7.3,7.9,44.8
2021/6/26 10:59,8.7,7.2,7.7,44.7
2021/6/26 11:14,9,7.2,7.5,45.4
2021/6/26 11:29,8.6,7.2,7.7,45.9
2021/6/26 11:44,7.9,7.3,7.7,43.6
2021/6/26 11:59,8.3,7.3,8.1,45.5
2021/6/26 12:14,8.9,7.5,8.4,45.4
2021/6/26 12:29,9,7.4,8.4,46.2
2021/6/26 12:44,9,7.6,8.6,45.7
2021/6/26 12:59,8.9,7.5,8.5,45.5
2021/6/26 13:14,9,7.6,8.5,45
2021/6/26 13:29,9.1,7.5,9.1,46.7
2021/6/26 13:44,9.5,7.8,9.8,46.6
2021/6/26 13:59,9.2,7.6,9.4,46.2
2021/6/26 14:14,9.4,7.6,10.2,47.7
2021/6/26 14:29,9.4,7.7,9.2,47.5
2021/6/26 14:44,9.3,8,10.4,46.8
2021/6/26 14:59,9.4,8,10.9,48
2021/6/26 15:14,9.2,8,10.2,47
2021/6/26 15:29,9.2,7.8,9.8,46.4
2021/6/26 15:44,9,7.8,9.8,48
2021/6/26 15:59,9.1,8.1,10.8,47.2
2021/6/26 16:14,9.1,7.7,9.3,48.5
2021/6/26 16:29,8.8,7.6,9.3,49
2021/6/26 16:44,8.6,7.5,8.4,47.7
2021/6/26 16:59,8.6,7.7,8.8,48.3
2021/6/26 17:14,8.5,7.8,8.7,47.5
2021/6/26 17:29,8.6,7.5,8.7,47.2
2021/6/26 17:44,8.6,7.6,8.5,48.3
2021/6/26 17:59,8.7,7.7,9,45.7
2021/6/26 18:14,8.7,7.9,8.7,47.4
2021/6/26 18:29,8.7,7.6,8.9,47.2
2021/6/26 18:44,8.7,7.4,8.5,47.1
2021/6/26 18:59,8.7,7.3,8.1,46.5
2021/6/26 19:14,8.8,7.5,8,47.5
2021/6/26 19:29,8.9,7.7,8.2,46.1
2021/6/26 19:44,8.8,8,9.2,46.2
2021/6/26 19:59,8.6,7.7,8.3,46.5
2021/6/26 20:14,8.5,7.5,8.7,46.6
2021/6/26 20:29,8.5,7.6,8.5,46.1
2021/6/26 20:44,8.5,7.6,8.2,47.9
2021/6/26 20:59,8.6,7.5,8.2,48.2
2021/6/26 21:14,8.7,7.4,7.9,47.9
2021/6/26 21:29,8.8,7.5,8.1,48
2021/6/26 21:44,8.7,7.4,8.3,47
